hashtag,count
YogaForWellness,52
InternationalYogaDay,40
YogaForPeace,39
IDY2026,37
YogaForHumanity,31
YogaDay,29
WellnessJourney,28
HealthyLifestyle,26
YogaForHealth,24
YogaForAll,21
YogaForLife,20
yogaathome,17
IDY2025,17
yogaday,17
MindBodySoul,16
yoga,16
HealthyLiving,14
AssamRifles,14
internationalyogaday,14
YogaPractice,13
Yoga365,13
yogalife,12
Yoga,10
YogaAtHome,10
NationFirst,9
HolisticHealth,9
InternationalDayOfYoga,9
MinistryOfAyush,9
GuardiansOfTheNation,8
sentinelsofnortheast,8
CommunityFirst,8
friendsofthenortheast,8
YogaForHarmony,8
YogaDaily,8
ServiceBeforeSelf,8
OperationalReadiness,8
FitnessJourney,8
idy2025,8
YogaIndia,8
YogaFromIndia,7
12IDY2026,7
StayFit,7
ConsciousLiving,7
IncredibleIndia,7
IndianTradition,7
yogawithmaamandram,7
YogaRoutine,7
YogaCulture,7
InternationalDayOfYoga2026,6
Swasthavritta,6
yogaforpeace,6
YogaCommunity,6
PeaceThroughYoga,6
fitness,6
ITRAJamnagar,6
yogaforhealth,6
YogaLifestyle,5
Meditation,5
30DaysYogaChallenge,5
YogaMahotsav2026,5
ChoosePeace,5
klarulnilayam,5
HolisticWellness,5
MindfulMovement,5
InternationalYogaDay2026,5
yogadaily,5
Mindfulness,5
idyllwildcalifornia,5
NaturalHealing,4
YogaJourney,4
idyllwildca,4
idyllwildsanctuary,4
idyllwildvacationcabins,4
idyllwildmountains,4
idy,4
idyllwildpinecove,4
य,4
HomeYoga,4
diainternacionaldoyoga,4
ChooseBalance,4
Seva,4
ManurbhavaPratishthana,4
mindfulness,4
idyllwildoverlook,4
idysanjacintomountain,4
YogaDay2026,4
yogavibes,4
holistichealth,4
yogaforall,4
YogaLife,4
yogafitness,4
Ayush,4
YogaEveryday,4
yogaforwellness,4
SocialImpact,4
ThailandEvents,3
yogateacher,3
internationaldayyoga,3
hridaya,3
InternationalDayOfYoga2025,3
inosurya,3
DJAMCH,3
fyp,3
mayiyogaacademy,3
Wellness,3
yogainspiration,3
ArunachalPradesh,3
YogaForBeginners,3
pilates,3
VoicesOfYoga,3
onlineyogaclass,3
yogapractice,3
IndianWisdom,3
CulturalRevival,3
EducationForAll,3
InternationalDayofYoga2026,3
GentleYoga,3
YogaInspiration,3
InnerPeace,3
yogacommunity,3
YogaBenefits,3
fatloss,3
FitRaheinHitRahein,3
maamandram,3
weightloss,3
yogaforeveryone,3
ayushministry,3
DailyYoga,3
StressRelief,3
FitIndia,2
Ajmer,2
FitnessMotivation,2
yogadivas,2
โยคะ,2
AshtangaYoga,2
SpearCorps,2
SpearheadDivision,2
MorningYoga,2
HealthyHabits,2
MindfulLiving,2
WorldPeace,2
Naturopathy,2
maamandram_klan,2
klan,2
WellnessThroughYoga,2
mindbodysoul,2
yogajourney,2
YogaClasses,2
YogaEveryDay,2
MentalClarity,2
yogaretreat,2
YogaDayKZ2026,2
международныйденьйоги2026,2
yogadaykrg,2
деньйоги2026,2
йогадень,2
деньйогикараганда,2
21июня,2
yogadaykz,2
AyurvedaAndYoga,2
караганда,2
yogakaraganda,2
stressrelief,2
ヨガ,2
MindBodyConnection,2
YogaHealing,2
Sarvangasana,2
communityevent,2
MPGovernment,2
деньйогивкараганде,2
StayHealthy,2
virtualyogaclass,2
fitzyogawellness,2
SpiritOfHealing,2
yogalifestyle,2
CountdownToIDY,2
йогакараганда,2
zumba,2
DivyaJyotiAyurvedicMedicalCollege,2
GutHealth,2
RestorativeYoga,2
WellnessWorkshop,2
yogaforhumanity,2
InclusiveYoga,2
HathaYoga,2
YogaClass,2
khajuraho,2
ServeWithLove,2
madhyapradesh,2
SuryaFoundation,2
yogaflow,2
GuinnessWorldRecord,2
SuryaNamaskar,2
FitIndiaMovement,2
IDY,2
naturopathy,2
inosuryafoundation,2
YogfluencerSummit2025,2
YogaAwareness,2
INO,2
yoga2025,2
prcb,2
Registration,2
asana,2
yogasana,2
exams,2
DubaiFrame,2
CEO,2
PrCB,2
ช,2
ส,2
โยคะกร,2
ว,2
YogaEvent,2
DailyHealthTips,1
WellnessRetreat,1
yogainbali,1
AyurvedaLife,1
Shavasana,1
DetoxDiet,1
ayurvedadoctor,1
bhujangasana,1
cobrapose,1
FitnessGirl,1
YogaVibes,1
EventDiaries,1
IndianAesthetic,1
CrowdMoments,1
CelebrityMoment,1
YogaFestival,1
VAMunshiNatureCure,1
bodyweightworkout,1
wellnessrevolution,1
WellnessTips,1
patanjaliwellness,1
naturecure,1
practiceyoga,1
practiceyogadaily,1
practiceyogaeveryday,1
practiceyogachangetheworld,1
practiceyogachangeyourlife,1
practiceyoganotyogaperfect,1
casaurizonti,1
retreat,1
luxuryretreat,1
wellnessretreat,1
アーユルヴェーダ,1
インド,1
セルフケア,1
季節のセルフケア,1
iyd,1
iyd2026,1
yogaquan5,1
PositiveVibesOnly,1
ᴠɪʀᴀʟᴘᴏsᴛ,1
YOGA365,1
2026,1
travelinspiration,1
corsicanlife,1
slowliving,1
AuthenticLiving,1
sydney,1
physiotherapyyoga,1
stretch,1
asanas,1
asanapractice,1
asanayoga,1
practice,1
BurjKhalifa,1
R3AcademyFamily,1
GroupYoga,1
自分磨き,1
アーユルヴェーダ講座,1
予防医学,1
ホリスティックケア,1
āyurveda,1
ayurvedaforall,1
ayurvedalife,1
ayurgenomics,1
yogapants,1
yogaposes,1
sexydance,1
yogatanbinh,1
yogaquan10,1
28Vahini,1
Antagarh,1
BanswaraPolice,1
SundayOnCycle,1
FitIndiaMission,1
OfficialNewsExplainer,1
diet,1
giamcan,1
angihomnay,1
YogaInCommunity,1
InterfaithHarmony,1
YogaInEducation,1
YogaInSchools,1
YogaDay2025,1
YogaForOneEarthOneHealth,1
YogaInDubai,1
dogslife,1
dogfriendlyvacation,1
dogfriendly,1
dogtraveler,1
vacationrental,1
airbnb,1
YogaForOneEarth,1
WorldMeditationDay,1
WorldMeditationDay2025,1
idyllwild_overlook,1
schoolyoga,1
yogaquan1,1
yogabinhthanh,1
yogaquận10,1
ﬁtness,1
SSB,1
internationaldayofyoga,1
hathayoga,1
pranayama,1
meditação,1
fibromialgia,1
YogfluencerSummit,1
PESUniversity,1
studentsmotivation,1
melissawilsonhomes,1
idyllwildlittlehouse,1
dogvacation,1
dogtravels,1
dogs,1
dog,1
dogsofinstagram,1
doglife,1
studio,1
dance,1
aerobic,1
bodyfit,1
squat,1
short,1
pilatestham,1
pilatesmat,1
tiktok,1
yogabay,1
sexy,1
HealthyLife,1
1,1
AIVisibility,1
MinistryOfExternalAffairs,1
yogaeciencia,1
yogaintentions,1
YogaExperience,1
Benessere,1
Meditazione,1
peaceful,1
peacefulmoments,1
yogaphunhuan,1
TrackFieldBetim,1
yogalovers,1
ásana,1
BubbleDecor,1
YogaDayCelebration,1
SRMUniversity,1
CalmYourMind,1
idyllwild,1
idyllwildbrewpub,1
LapHMO,1
breathing,1
ajamsheart,1
join,1
circuittraining,1
pound,1
Compassion,1
SarveBhavantuSukhinah,1
EnvironmentalCare,1
YogaForWellbeing,1
campuswellness,1
acharyayogayouthclub,1
OneEarthOneHealth,1
AIforYoga,1
clasesyoga,1
yogacoaching,1
SalomatlikHammaUchun,1
WorldHypertensionDay,1
HypertensionDay,1
DíaInternacionaldelYoga2026,1
YogaParaLaHumanidad,1
Lokasangraha,1
ServeSociety,1
AyushNews,1
YogaMovement,1
Sadasevaparobhavet,1
CoffeeBreak,1
AniversárioDaFran,1
YogaTheme,1
TambolaTickets,1
KittyParty,1
YogaTambola,1
taebofitness,1
EnrollNow,1
fitnessjourney,1
fitnessmotivation,1
JyotirYogaBetim,1
YogaBetim,1
mytown,1
faceyoga,1
YogaTeacherTraining,1
YogaInstructor,1
yoga365,1
peacethroughyoga,1
ButunjahonGipertoniyaKuni,1
GipertoniyaKuni,1
QonBosimiNazoratda,1
YurakSalomatligi,1
lifestylemedicine,1
BloodPressureAwareness,1
HeartHealth,1
AyushForAll,1
DigestiveHealth,1
HolisticNutrition,1
HealthyDigestion,1
YogaAndNutrition,1
HealthyGutHealthyLife,1
MindBodyWellness,1
Suriyasom,1
yogicview,1
diabetesawareness,1
WellnessForAll,1
GlobalWellness,1
DDJharkhand,1
Vivekananda,1
ChennaiYoga,1
SukhaYoga,1
YogaInChennai,1
PrenatalYoga,1
ajamsheartdanceandfitnessstudio,1
dancefitness,1
ajamsheartfamily,1
stepper,1
yogainstructor,1
yogagram,1
healthalternatives,1
yogaeverydamnday,1
wellnessmethod,1
explorepage,1
movementmedicine,1
RestAndRestore,1
guthealth,1
digestivehealth,1
YogaForMentalHealth,1
growasone,1
adhomukhasvanasana,1
downwarddog,1
TheMatSpace,1
ChronicIllnessWarrior,1
HealingThroughMovement,1
CelebrateLife,1
JoyfulMoments,1
GratitudePractice,1
MoveWithLove,1
HolisticHealing,1
BikramYoga,1
acidreflux,1
IBS,1
Vitalizen,1
EmotionalHealing,1
MeditationForHealing,1
YogaForBalance,1
BikramYogaNicaragua,1
FertilityJourney,1
HotYoga,1
PelvicHealth,1
BikramWorks,1
MajesticYogaStudio,1
SundaySlowDown,1
BreathAwareness,1
GroundingPractice,1
SlowMoments,1
ibsrelief,1
bloatingrelief,1
AyushmanBharat,1
CorporateWellness,1
EmployeeWellbeing,1
SoundMeditation,1
WorkplaceWellness,1
28DaysLeft,1
PinkyPayal,1
YogaMotivation,1
yogainjapan,1
国際ヨガ日,1
wellnessworkshop,1
mindbodyhealth,1
yogatherapy,1
selfcaretools,1
jouvencefitnessolympiaclub,1
olympiacity,1
yogasharjah,1
yogauae,1
MindfulnessYoga,1
StressReliefYoga,1
YogaNearMe,1
AyurvedaHealing,1
NaturopathyCare,1
PainManagement,1
ENTCare,1
EyeCare,1
PanchakarmaTherapy,1
RohtakHealth,1
yogaforbeginners,1
gentleyoga,1
FitAthlete,1
AnandBalasan,1
NewAuraHealth,1
StressFreeLiving,1
Flexibility,1
RelaxRechargeRefresh,1
IndianArmy,1
MindBodyHealing,1
WellnessCoaching,1
HealthyLifestyleHabits,1
ShivneriFitIndia,1
YogaInPune,1
BalanceAndStrength,1
PreventiveHealthcare,1
Virabhadrasana,1
CISF,1
yogawithram,1
Tadasana,1
SwasthavrittaEvumYoga,1
YogaChallenge,1
balasana,1
childspose,1
summersolstice,1
solsticiodeverao,1
yogaemusicaaovivo,1
jogaamuzy,1
29DaysToGo,1
herhealth,1
yogachallenge,1
ShantiKai,1
MumbaiPolice,1
MentalHealthMatters,1
jogainspirace,1
cajnajogu,1
jogadnes,1
nohy,1
NaviMumbai,1
Kharghar,1
HealthAndFitness,1
OnlineYoga,1
YogIntra,1
VirtualYoga,1
YogaOnline,1
OnlineFitness,1
YogaTeacher,1
DigitalWellness,1
LotusEyePillow,1
YogaEyePillow,1
YogaTips,1
yogaaddict,1
yogalover,1
JourneyToGoodHealth,1
HealthyMindHealthyBody,1
WeightedEyePillow,1
SavasanaSupport,1
YogaProps,1
MindfulRest,1
MeditationSupport,1
SleepRitual,1
SelfCareRitual,1
NervousSystemReset,1
NOLAVADesigns,1
YogaDubai,1
InternationalCity,1
easylikesundaymorning,1
Gratitude,1
rockbriarfarm,1
rockbriaryoga,1
rockbriarbalance,1
domoreyoga,1
movewithintention,1
cvikynanohy,1
yogafeet,1
joganapohodu,1
jogadoma,1
richmondky,1
kentuckyyoga,1
crowpose,1
crowposepractice,1
YogaMistakes,1
yogaincharlestownri,1
almostvegan,1
veganrecipes,1
healthyeating,1
dairyfree,1
deliciousvegan,1
vacationcabin,1
visitcharlestownri,1
ribeachcabin,1
stayincharlestownri,1
charlestownri,1
SelfCareRoutine,1
GentleFlow,1
linkinbio,1
tulsayoga,1
oklahomayoga,1
IndianFitnessModel,1
StretchingRoutine,1
MobilityMatters,1
yogaclothes,1
CuppingTherapy,1
MuscleRecovery,1
AarogyamHealth,1
JaipurWellness,1
onlineyogaclasses,1
yogaonline,1
YogaWear,1
vinyasaflowyoga,1
onlineyogateacher,1
zoomyoga,1
yogaforeverybody,1
lowkeyyoga,1
pranaclothing,1
charlestown,1
BedYoga,1
oblastnimuzeummost,1
mestomost,1
joga,1
Overthinking,1
Pratyahara,1
NervousSystemYoga,1
yogaformentalhealth,1
yogalove,1
journeeyoga,1
celebrationyoga,1
ilesainthonoratcannes,1
indianyoga,1
FitnessLifestyle,1
ComfortableYoga,1
TherapeuticYoga,1
HomeYogaInstructor,1
PilatesWear,1
YogaFlexibility,1
weekendvibes,1
fitformflow,1
pilatesathome,1
functionalfitness,1
wellnesscommunity,1
yogaondemand,1
yogaanywhere,1
WellnessAtHome,1
MindfulMoments,1
SelfCareSunday,1
pranayogawear,1
yogaphotography,1
CleanLiving,1
MinimalistVibes,1
HomeDecorInspo,1
DailyWellness,1
HomeWellness,1
MindfulnessMatters,1
SimplifiedLiving,1
HealthyHome,1
WellnessRoutine,1
DailySelfCare,1
HomeFitness,1
WellnessInspiration,1
CleanAndSimple,1
HomeDecorGoals,1
WellnessLove,1
PoetryCompetition,1
SongWriting,1
HealthyHomes,1
SelfCareInspiration,1
WellnessCommunity,1
FollowForMore,1
showingupforyourself,1
selfcaregoals,1
bachelorette,1
ellicottville,1
laurasollyyoga,1
prana,1
TheYogaCollective,1
HomeYogaPractice,1
YogaEssentials,1
BuildYourBundle,1
UAE,1
DubaiEvents,1
IndiaUAE,1
timesg,1
kamakhya,1
yogachallenges,1
YogasanaSpardha,1
YogaCompetition,1
AsanaChampionship,1
MindAndBody,1
YogaMiracle,1
InnerStrength,1
SelfLove,1
PositiveEnergy,1
Assam,1
YogaAnubhutiSpardha,1
ContentCreators,1
pranamasana,1
yogaformind,1
meditation,1
YogaArambha2026,1
CreativeExpression,1
YogaShlokaSpardha,1
ShlokaRecitation,1
BhagavadGita,1
AncientWisdom,1
NrityaYogaSpardha,1
YogaDance,1
SoloDance,1
ExpressThroughYoga,1
Yoga2026,1
IndianCommunity,1
peaceprogram,1
peacecamp,1
communityhealing,1
youthleadership,1
peacebuilding,1
cambodia,1
guwahati,1
assam,1
kamrup,1
kamrupmetro,1
ChitraYogaSpardha,1
PosterCompetition,1
ArtAndYoga,1
YogaLaghuChitrapattika,1
ReelCompetition,1
YogaReels,1
bhajanmarg,1
EligeElEquilibrio,1
EligeLaPaz,1
PazATravésDelYoga,1
YogaParaLaPaz,1
YogaParaElBienestar,1
AthaYogLiving,1
BangaloreEvents,1
YogaInBangalore,1
Indiranagar,1
CommunityWellness,1
HolisticLiving,1
BangaloreLifestyle,1
WellnessEvent,1
azaharcambodia,1
azaharfoundation,1
DiabetesControl,1
VaricoseVeins,1
YogaTherapy,1
Vipritkarni,1
backbend,1
kingpigeon,1
everydayyoga,1
takeitslow,1
slowlivingmovement,1
yogaday2026,1
BassanoDelGrappa,1
EventoGratuito,1
GiornataInternazionaleDelloYoga,1
Bhaktiyoga,1
Yogavairaghani,1
Hathayoga,1
VayuMudra,1
MudraHealing,1
Swasthya,1
PoliceYoga,1
Pranayama,1
ᴇxᴘʟᴏʀᴇᴘᴀɢᴇ,1
uttarakhand,1
ApanMudra,1
MudraTherapy,1
फ,1
पत,1
न,1
स,1
FurdeConstructions,1
PatanjaliYogaSamiti,1
DiabetesCare,1
Micronutrients,1
SummerCare,1
SaiWellnessCenter,1
HerbalifeNutrition,1
WeightLossJourney,1
ZumbaFitness,1
WellnessKanpur,1
FatLossTips,1
EnergyBoost,1
yogi,1
yogapose,1
ArkansasYogaCenter,1
TheWeeklyStretch,1
creativity,1
MentalHealth,1
NiveditaYogshala,1
Ayurveda,1
backpainrelief,1
HealingNaturally,1
wellnesscenter,1
Anand,1
Gujarat,1
reelindia,1
physiotherapy,1
munshinaturecure,1
vamunshi,1
YogaFacts,1
Bhujangasana,1
CobraPose,1
Interna,1
HeatWaveCare,1
StayHydrated,1
LiverDetox,1
BangkokYoga,1
RealYogaBali,1
YogaRetreatBali,1
AaplaArogyavala,1
HealthTips,1
HealthyDiet,1
ThyroidDiet,1
FitnessTips,1
HormoneBalance,1
MarathiHealthTips,1
DietTips,1
ImmunityBoost,1
ThyroidAwareness,1
HealthCare,1
ayurvedichealing,1
yogafest,1
yogabonn,1
bonnveranstaltungen,1
ShilpaShetty,1
FitnessIndia,1
HealthyEating,1
ThyroidCare,1
MorningRoutine,1
goodhealth,1
rajhouseofyoga,1
wellness,1
yogatechertranings,1
yogainbangkok,1
KEDSundaySpotlight,1
DrCharviKela,1
NutritionAwareness,1
