video_id,filename,filepath,priority,word_count,character_count
-1eIiYUBnNY,-1eIiYUBnNY.en-orig.txt,data/transcripts/-1eIiYUBnNY.en-orig.txt,1,447,2404
-NUUwmholow,-NUUwmholow.en-orig.txt,data/transcripts/-NUUwmholow.en-orig.txt,1,2825,15064
-cS3YaCShng,-cS3YaCShng.en-orig.txt,data/transcripts/-cS3YaCShng.en-orig.txt,1,988,5425
-fA6BrCVZZA,-fA6BrCVZZA.txt,data/transcripts/-fA6BrCVZZA.txt,4,634,3456
-nhi-zvx3ms,-nhi-zvx3ms.en-orig.txt,data/transcripts/-nhi-zvx3ms.en-orig.txt,1,296,1586
-rR2AxYZD6c,-rR2AxYZD6c.en-orig.txt,data/transcripts/-rR2AxYZD6c.en-orig.txt,1,326,1973
09AHHhQJPH4,09AHHhQJPH4.txt,data/transcripts/09AHHhQJPH4.txt,4,93,428
0LTozZKV7f8,0LTozZKV7f8.en-orig.txt,data/transcripts/0LTozZKV7f8.en-orig.txt,1,118,658
0Of66fxq4FI,0Of66fxq4FI.en.txt,data/transcripts/0Of66fxq4FI.en.txt,2,742,5132
0QWti9FMcgs,0QWti9FMcgs.en-orig.txt,data/transcripts/0QWti9FMcgs.en-orig.txt,1,577,3166
0neaOfzxy3Y,0neaOfzxy3Y.en.txt,data/transcripts/0neaOfzxy3Y.en.txt,2,10143,55331
0xD29uC3Pow,0xD29uC3Pow.en-orig.txt,data/transcripts/0xD29uC3Pow.en-orig.txt,1,4530,26277
14z7QKI0f6s,14z7QKI0f6s.txt,data/transcripts/14z7QKI0f6s.txt,4,23890,116510
1NcXFB8lQmo,1NcXFB8lQmo.en-orig.txt,data/transcripts/1NcXFB8lQmo.en-orig.txt,1,4239,23920
1kEjSd8i7Wc,1kEjSd8i7Wc.en-orig.txt,data/transcripts/1kEjSd8i7Wc.en-orig.txt,1,4848,27851
1qT4xNS0Ws8,1qT4xNS0Ws8.en-orig.txt,data/transcripts/1qT4xNS0Ws8.en-orig.txt,1,4254,22571
27RPeMZIi3Y,27RPeMZIi3Y.en-orig.txt,data/transcripts/27RPeMZIi3Y.en-orig.txt,1,3039,15799
2JVFSCquwZo,2JVFSCquwZo.txt,data/transcripts/2JVFSCquwZo.txt,4,480,2240
2bLkp7yodN8,2bLkp7yodN8.en-orig.txt,data/transcripts/2bLkp7yodN8.en-orig.txt,1,5,35
2oT23PVUDnA,2oT23PVUDnA.en-orig.txt,data/transcripts/2oT23PVUDnA.en-orig.txt,1,331,1926
32R2UVxQux4,32R2UVxQux4.en.txt,data/transcripts/32R2UVxQux4.en.txt,2,490,2746
3Q-SJNzS6Mg,3Q-SJNzS6Mg.en.txt,data/transcripts/3Q-SJNzS6Mg.en.txt,2,495,2877
3RIrHb19anM,3RIrHb19anM.en-orig.txt,data/transcripts/3RIrHb19anM.en-orig.txt,1,1365,7242
3cea1qcbIIs,3cea1qcbIIs.txt,data/transcripts/3cea1qcbIIs.txt,4,930,5312
3u156-yCTbU,3u156-yCTbU.en.txt,data/transcripts/3u156-yCTbU.en.txt,2,373,1963
42a7bYUS4HI,42a7bYUS4HI.txt,data/transcripts/42a7bYUS4HI.txt,4,11014,61022
4Cob6uu3pww,4Cob6uu3pww.en.txt,data/transcripts/4Cob6uu3pww.en.txt,2,23701,131975
4a9GieNT4Z8,4a9GieNT4Z8.txt,data/transcripts/4a9GieNT4Z8.txt,4,8699,49385
4le2T-Ww-Iw,4le2T-Ww-Iw.en-orig.txt,data/transcripts/4le2T-Ww-Iw.en-orig.txt,1,1808,9883
4nDCyJx-uPA,4nDCyJx-uPA.txt,data/transcripts/4nDCyJx-uPA.txt,4,22719,104942
4vTJHUDB5ak,4vTJHUDB5ak.en-orig.txt,data/transcripts/4vTJHUDB5ak.en-orig.txt,1,5670,28678
5R1yX_2iFbM,5R1yX_2iFbM.txt,data/transcripts/5R1yX_2iFbM.txt,4,5371,29357
5RE5DlLU-4g,5RE5DlLU-4g.txt,data/transcripts/5RE5DlLU-4g.txt,4,4511,24630
67TL2nk8bcI,67TL2nk8bcI.en-orig.txt,data/transcripts/67TL2nk8bcI.en-orig.txt,1,15413,80982
68c5t5qGytY,68c5t5qGytY.en.txt,data/transcripts/68c5t5qGytY.en.txt,2,1492,7514
6RcHuAr8s70,6RcHuAr8s70.en-orig.txt,data/transcripts/6RcHuAr8s70.en-orig.txt,1,3334,16781
6rjtuqh5o4Y,6rjtuqh5o4Y.txt,data/transcripts/6rjtuqh5o4Y.txt,4,128,718
6tCRnISpRVo,6tCRnISpRVo.en-orig.txt,data/transcripts/6tCRnISpRVo.en-orig.txt,1,673,3608
6z4gFHnMa2Q,6z4gFHnMa2Q.en-orig.txt,data/transcripts/6z4gFHnMa2Q.en-orig.txt,1,1122,6319
71f-qB4FG2o,71f-qB4FG2o.txt,data/transcripts/71f-qB4FG2o.txt,4,419,2590
76pKrIr7FlM,76pKrIr7FlM.en-orig.txt,data/transcripts/76pKrIr7FlM.en-orig.txt,1,9594,52742
7F4ICws26p4,7F4ICws26p4.txt,data/transcripts/7F4ICws26p4.txt,4,982,4577
7QsGyBDLrmg,7QsGyBDLrmg.txt,data/transcripts/7QsGyBDLrmg.txt,4,23,178
7WPQ2ekm7ZM,7WPQ2ekm7ZM.en-orig.txt,data/transcripts/7WPQ2ekm7ZM.en-orig.txt,1,9838,56349
7ZaCm7PfUNs,7ZaCm7PfUNs.en-orig.txt,data/transcripts/7ZaCm7PfUNs.en-orig.txt,1,1978,10597
7juBq6m1U2o,7juBq6m1U2o.en.txt,data/transcripts/7juBq6m1U2o.en.txt,2,21,150
7nWJrh6-umI,7nWJrh6-umI.en-orig.txt,data/transcripts/7nWJrh6-umI.en-orig.txt,1,6404,33407
7zGVGDZPxxA,7zGVGDZPxxA.en-orig.txt,data/transcripts/7zGVGDZPxxA.en-orig.txt,1,14537,75741
8JU0npV6xTc,8JU0npV6xTc.en-orig.txt,data/transcripts/8JU0npV6xTc.en-orig.txt,1,6,43
8M2mJTSxnWM,8M2mJTSxnWM.en-orig.txt,data/transcripts/8M2mJTSxnWM.en-orig.txt,1,1239,6982
8QTYAyi0iD4,8QTYAyi0iD4.txt,data/transcripts/8QTYAyi0iD4.txt,4,6305,37466
8gF-MEQlYCM,8gF-MEQlYCM.en-orig.txt,data/transcripts/8gF-MEQlYCM.en-orig.txt,1,345,1889
9hHDiazQrpU,9hHDiazQrpU.en-orig.txt,data/transcripts/9hHDiazQrpU.en-orig.txt,1,2162,11419
A1WY2qjlVZY,A1WY2qjlVZY.txt,data/transcripts/A1WY2qjlVZY.txt,4,459,2069
A6lSGejZsnA,A6lSGejZsnA.txt,data/transcripts/A6lSGejZsnA.txt,4,264,1422
AP5wdQ1tADE,AP5wdQ1tADE.en-orig.txt,data/transcripts/AP5wdQ1tADE.en-orig.txt,1,843,4490
AefxKKTqv5I,AefxKKTqv5I.en-orig.txt,data/transcripts/AefxKKTqv5I.en-orig.txt,1,7866,42287
AfghupHyo3A,AfghupHyo3A.txt,data/transcripts/AfghupHyo3A.txt,4,599,3231
AfsPHp8fmV8,AfsPHp8fmV8.en-orig.txt,data/transcripts/AfsPHp8fmV8.en-orig.txt,1,2123,11450
Ai75uMYMreQ,Ai75uMYMreQ.en.txt,data/transcripts/Ai75uMYMreQ.en.txt,2,5093,27396
B4HPUbJPbYE,B4HPUbJPbYE.txt,data/transcripts/B4HPUbJPbYE.txt,4,612,3574
BMJ42xw7IC8,BMJ42xw7IC8.en-orig.txt,data/transcripts/BMJ42xw7IC8.en-orig.txt,1,1053,5469
BNaaeF767K8,BNaaeF767K8.en-orig.txt,data/transcripts/BNaaeF767K8.en-orig.txt,1,11395,59151
BR2ypLeUvBY,BR2ypLeUvBY.en-orig.txt,data/transcripts/BR2ypLeUvBY.en-orig.txt,1,11967,63996
BeTI0dWMf1g,BeTI0dWMf1g.en-orig.txt,data/transcripts/BeTI0dWMf1g.en-orig.txt,1,1131,6114
BhNGBhCJ5EY,BhNGBhCJ5EY.en-orig.txt,data/transcripts/BhNGBhCJ5EY.en-orig.txt,1,739,4142
BoW7txckm88,BoW7txckm88.en.txt,data/transcripts/BoW7txckm88.en.txt,2,1749,9299
BorcTOHZ6-c,BorcTOHZ6-c.en-orig.txt,data/transcripts/BorcTOHZ6-c.en-orig.txt,1,2021,10880
C12o2Cwl_u0,C12o2Cwl_u0.en-orig.txt,data/transcripts/C12o2Cwl_u0.en-orig.txt,1,1984,9801
C2q4nkxolKI,C2q4nkxolKI.en-orig.txt,data/transcripts/C2q4nkxolKI.en-orig.txt,1,2918,16067
CA7l6wDCEbU,CA7l6wDCEbU.txt,data/transcripts/CA7l6wDCEbU.txt,4,15957,102963
CIbR7odQklk,CIbR7odQklk.en-orig.txt,data/transcripts/CIbR7odQklk.en-orig.txt,1,8578,48433
CMdAwTulCNo,CMdAwTulCNo.en-orig.txt,data/transcripts/CMdAwTulCNo.en-orig.txt,1,778,4001
CX6ZvR2TJmM,CX6ZvR2TJmM.en-orig.txt,data/transcripts/CX6ZvR2TJmM.en-orig.txt,1,386,2033
C_xsXnRd_uc,C_xsXnRd_uc.en-orig.txt,data/transcripts/C_xsXnRd_uc.en-orig.txt,1,1532,8563
ChUaYLwpGUg,ChUaYLwpGUg.txt,data/transcripts/ChUaYLwpGUg.txt,4,307,1877
CloGwxFDcs4,CloGwxFDcs4.en-orig.txt,data/transcripts/CloGwxFDcs4.en-orig.txt,1,435,2465
D-kdaFEJ9Nk,D-kdaFEJ9Nk.en.txt,data/transcripts/D-kdaFEJ9Nk.en.txt,2,17307,99275
DKkBGHhDQWk,DKkBGHhDQWk.en-orig.txt,data/transcripts/DKkBGHhDQWk.en-orig.txt,1,182,1026
DWtnKRL30jo,DWtnKRL30jo.en-orig.txt,data/transcripts/DWtnKRL30jo.en-orig.txt,1,29944,160587
DbDjQLqC8zs,DbDjQLqC8zs.en.txt,data/transcripts/DbDjQLqC8zs.en.txt,2,366,1940
DnvGnPk5p5k,DnvGnPk5p5k.en.txt,data/transcripts/DnvGnPk5p5k.en.txt,2,20392,114758
E18p25T9pB0,E18p25T9pB0.en-orig.txt,data/transcripts/E18p25T9pB0.en-orig.txt,1,471,2329
EHxM99Tw3ME,EHxM99Tw3ME.en-orig.txt,data/transcripts/EHxM99Tw3ME.en-orig.txt,1,16850,83298
EXXlWnxEG48,EXXlWnxEG48.en-orig.txt,data/transcripts/EXXlWnxEG48.en-orig.txt,1,369,1852
Ec5yaorLl-M,Ec5yaorLl-M.en-orig.txt,data/transcripts/Ec5yaorLl-M.en-orig.txt,1,177,993
Ez2IFfaoRJQ,Ez2IFfaoRJQ.en-orig.txt,data/transcripts/Ez2IFfaoRJQ.en-orig.txt,1,88700,479690
F0-FJsFNALg,F0-FJsFNALg.txt,data/transcripts/F0-FJsFNALg.txt,4,192,1081
F0LO7mfmlL8,F0LO7mfmlL8.en-orig.txt,data/transcripts/F0LO7mfmlL8.en-orig.txt,1,2168,10724
FK9G5DEYQmc,FK9G5DEYQmc.en-orig.txt,data/transcripts/FK9G5DEYQmc.en-orig.txt,1,2316,12038
FM7tEqDSAIo,FM7tEqDSAIo.en-orig.txt,data/transcripts/FM7tEqDSAIo.en-orig.txt,1,677,3815
FQCb-9Df0uQ,FQCb-9Df0uQ.txt,data/transcripts/FQCb-9Df0uQ.txt,4,1151,6879
Fh9yAIUNZ6M,Fh9yAIUNZ6M.en-orig.txt,data/transcripts/Fh9yAIUNZ6M.en-orig.txt,1,1163,6279
FsS7-0i8C-4,FsS7-0i8C-4.txt,data/transcripts/FsS7-0i8C-4.txt,4,10050,47663
G02TTum6JT8,G02TTum6JT8.en-orig.txt,data/transcripts/G02TTum6JT8.en-orig.txt,1,989,4819
G0yaF7rw928,G0yaF7rw928.en-orig.txt,data/transcripts/G0yaF7rw928.en-orig.txt,1,2276,12176
GH5dXYEfG1s,GH5dXYEfG1s.txt,data/transcripts/GH5dXYEfG1s.txt,4,2807,14661
GN1cZhfmRZE,GN1cZhfmRZE.en.txt,data/transcripts/GN1cZhfmRZE.en.txt,2,55,289
GO0RorA2xWY,GO0RorA2xWY.en-orig.txt,data/transcripts/GO0RorA2xWY.en-orig.txt,1,1227,6378
GQPYZ2pMPAo,GQPYZ2pMPAo.en.txt,data/transcripts/GQPYZ2pMPAo.en.txt,2,43,135
GX-LX1BQJ-M,GX-LX1BQJ-M.en-orig.txt,data/transcripts/GX-LX1BQJ-M.en-orig.txt,1,460,2361
GYpgTh6Fp1E,GYpgTh6Fp1E.en-orig.txt,data/transcripts/GYpgTh6Fp1E.en-orig.txt,1,80,441
HGXXOaEQEa0,HGXXOaEQEa0.txt,data/transcripts/HGXXOaEQEa0.txt,4,8665,45018
HRjstAj88dI,HRjstAj88dI.txt,data/transcripts/HRjstAj88dI.txt,4,1765,7138
HchEzNZRTY8,HchEzNZRTY8.en-orig.txt,data/transcripts/HchEzNZRTY8.en-orig.txt,1,132,671
Hhu0XG8nyZw,Hhu0XG8nyZw.txt,data/transcripts/Hhu0XG8nyZw.txt,4,200,1867
Hxjvyc8FGDU,Hxjvyc8FGDU.en-orig.txt,data/transcripts/Hxjvyc8FGDU.en-orig.txt,1,1046,5948
I62oIzQdeqY,I62oIzQdeqY.txt,data/transcripts/I62oIzQdeqY.txt,4,612,3272
JD1wlHhzQyE,JD1wlHhzQyE.en.txt,data/transcripts/JD1wlHhzQyE.en.txt,2,28,102
JDIUb3h1b7E,JDIUb3h1b7E.txt,data/transcripts/JDIUb3h1b7E.txt,4,1776,9944
JE-PiYfUWJA,JE-PiYfUWJA.en-orig.txt,data/transcripts/JE-PiYfUWJA.en-orig.txt,1,3186,17046
JQrbuY71kpM,JQrbuY71kpM.txt,data/transcripts/JQrbuY71kpM.txt,4,367,1902
JhLECip4b4I,JhLECip4b4I.en-orig.txt,data/transcripts/JhLECip4b4I.en-orig.txt,1,6889,35930
Jn-uO_LUG54,Jn-uO_LUG54.en-orig.txt,data/transcripts/Jn-uO_LUG54.en-orig.txt,1,1094,6831
JpMUar8mh48,JpMUar8mh48.en-orig.txt,data/transcripts/JpMUar8mh48.en-orig.txt,1,1102,6144
JqYSRv8QgRQ,JqYSRv8QgRQ.en-orig.txt,data/transcripts/JqYSRv8QgRQ.en-orig.txt,1,6961,38685
K-imIEL8f-A,K-imIEL8f-A.en-orig.txt,data/transcripts/K-imIEL8f-A.en-orig.txt,1,146,902
K1dIyFTac3E,K1dIyFTac3E.txt,data/transcripts/K1dIyFTac3E.txt,4,278,1546
K250wjFz26w,K250wjFz26w.en-orig.txt,data/transcripts/K250wjFz26w.en-orig.txt,1,1871,10023
KdvIc1OCv8A,KdvIc1OCv8A.txt,data/transcripts/KdvIc1OCv8A.txt,4,1003,4913
Kj0q3SRUM1A,Kj0q3SRUM1A.en.txt,data/transcripts/Kj0q3SRUM1A.en.txt,2,2533,15529
KmhrleAYyIo,KmhrleAYyIo.en.txt,data/transcripts/KmhrleAYyIo.en.txt,2,2874,16094
KumH4WkJh0g,KumH4WkJh0g.txt,data/transcripts/KumH4WkJh0g.txt,4,195,1033
L_GxgYRVSTs,L_GxgYRVSTs.en-orig.txt,data/transcripts/L_GxgYRVSTs.en-orig.txt,1,63,402
LbrX6tZ0Ovg,LbrX6tZ0Ovg.txt,data/transcripts/LbrX6tZ0Ovg.txt,4,193,821
M2NAu29ZxYc,M2NAu29ZxYc.en-orig.txt,data/transcripts/M2NAu29ZxYc.en-orig.txt,1,1493,8201
M7AavH3OLhE,M7AavH3OLhE.en-orig.txt,data/transcripts/M7AavH3OLhE.en-orig.txt,1,1503,8335
MhLMPC5zjWc,MhLMPC5zjWc.txt,data/transcripts/MhLMPC5zjWc.txt,4,6051,49082
MniPdncacTM,MniPdncacTM.en.txt,data/transcripts/MniPdncacTM.en.txt,2,16,112
MoW2xNKtVew,MoW2xNKtVew.en-orig.txt,data/transcripts/MoW2xNKtVew.en-orig.txt,1,1426,7655
Mrhgz1yeBSg,Mrhgz1yeBSg.txt,data/transcripts/Mrhgz1yeBSg.txt,4,707,4313
N2hINf9f0Fw,N2hINf9f0Fw.en-orig.txt,data/transcripts/N2hINf9f0Fw.en-orig.txt,1,13,79
N42eZHCExBo,N42eZHCExBo.txt,data/transcripts/N42eZHCExBo.txt,4,3454,19405
NJBogtJh9T0,NJBogtJh9T0.txt,data/transcripts/NJBogtJh9T0.txt,4,436,1139
NRFwGkALO7A,NRFwGkALO7A.txt,data/transcripts/NRFwGkALO7A.txt,4,488,2452
NTpkt3ylNmE,NTpkt3ylNmE.txt,data/transcripts/NTpkt3ylNmE.txt,4,84,429
NV3VHS_AFJQ,NV3VHS_AFJQ.en-orig.txt,data/transcripts/NV3VHS_AFJQ.en-orig.txt,1,25831,134361
NtXNYs1lPVU,NtXNYs1lPVU.en.txt,data/transcripts/NtXNYs1lPVU.en.txt,2,2297,12587
Ntf9bQiO1p0,Ntf9bQiO1p0.en-orig.txt,data/transcripts/Ntf9bQiO1p0.en-orig.txt,1,1968,9970
Nx5f0OZT3Fo,Nx5f0OZT3Fo.en-orig.txt,data/transcripts/Nx5f0OZT3Fo.en-orig.txt,1,506,3089
O1R4HTgdC-A,O1R4HTgdC-A.en-orig.txt,data/transcripts/O1R4HTgdC-A.en-orig.txt,1,123,629
O7KtXWEzXCQ,O7KtXWEzXCQ.txt,data/transcripts/O7KtXWEzXCQ.txt,4,624,3743
O9cJozJBK_w,O9cJozJBK_w.txt,data/transcripts/O9cJozJBK_w.txt,4,843,3874
OEBcG4-_SY4,OEBcG4-_SY4.txt,data/transcripts/OEBcG4-_SY4.txt,4,115,552
OUvg2rnnn-M,OUvg2rnnn-M.txt,data/transcripts/OUvg2rnnn-M.txt,4,1022,5430
Ofx6MXZZ6EE,Ofx6MXZZ6EE.en-orig.txt,data/transcripts/Ofx6MXZZ6EE.en-orig.txt,1,143,777
P0poLjDMKwQ,P0poLjDMKwQ.en.txt,data/transcripts/P0poLjDMKwQ.en.txt,2,863,5087
PD8oFGFK-5w,PD8oFGFK-5w.en-orig.txt,data/transcripts/PD8oFGFK-5w.en-orig.txt,1,363,1751
PNymhlAUL1M,PNymhlAUL1M.txt,data/transcripts/PNymhlAUL1M.txt,4,439,2584
PZqkX1mJ7qk,PZqkX1mJ7qk.txt,data/transcripts/PZqkX1mJ7qk.txt,4,1466,9024
PoHxH7BWxig,PoHxH7BWxig.en-orig.txt,data/transcripts/PoHxH7BWxig.en-orig.txt,1,7,45
Q0WsIBmog1I,Q0WsIBmog1I.en-orig.txt,data/transcripts/Q0WsIBmog1I.en-orig.txt,1,1034,5405
QX3gSDoLjqM,QX3gSDoLjqM.en-orig.txt,data/transcripts/QX3gSDoLjqM.en-orig.txt,1,557,3058
Qthn_19_aHM,Qthn_19_aHM.en-orig.txt,data/transcripts/Qthn_19_aHM.en-orig.txt,1,1593,8236
R-rwd5yGBr0,R-rwd5yGBr0.txt,data/transcripts/R-rwd5yGBr0.txt,4,5363,25511
RBwItubQCoQ,RBwItubQCoQ.en-orig.txt,data/transcripts/RBwItubQCoQ.en-orig.txt,1,6591,35349
RGsBun5NKJw,RGsBun5NKJw.en-orig.txt,data/transcripts/RGsBun5NKJw.en-orig.txt,1,43,244
R_FsSuJXlk0,R_FsSuJXlk0.en-orig.txt,data/transcripts/R_FsSuJXlk0.en-orig.txt,1,5258,28775
R_PIwm_WHeQ,R_PIwm_WHeQ.en-orig.txt,data/transcripts/R_PIwm_WHeQ.en-orig.txt,1,1083,6057
Raa-U-y4920,Raa-U-y4920.en-orig.txt,data/transcripts/Raa-U-y4920.en-orig.txt,1,911,4402
RbhNAq8XeP0,RbhNAq8XeP0.txt,data/transcripts/RbhNAq8XeP0.txt,4,32820,180945
Rf2sERzU0Lo,Rf2sERzU0Lo.en-orig.txt,data/transcripts/Rf2sERzU0Lo.en-orig.txt,1,1154,6672
RjDLpbR-mWM,RjDLpbR-mWM.en-orig.txt,data/transcripts/RjDLpbR-mWM.en-orig.txt,1,431,2588
RoH7XBJqEdI,RoH7XBJqEdI.en-orig.txt,data/transcripts/RoH7XBJqEdI.en-orig.txt,1,598,3530
RzYiFBi82dI,RzYiFBi82dI.txt,data/transcripts/RzYiFBi82dI.txt,4,3783,20931
S0b_R9YBaEE,S0b_R9YBaEE.txt,data/transcripts/S0b_R9YBaEE.txt,4,656,3493
S37f0y5QLHg,S37f0y5QLHg.en-orig.txt,data/transcripts/S37f0y5QLHg.en-orig.txt,1,1235,6568
S7Xj2DjSAOo,S7Xj2DjSAOo.en-orig.txt,data/transcripts/S7Xj2DjSAOo.en-orig.txt,1,10987,62580
S9pdVzfmNvI,S9pdVzfmNvI.txt,data/transcripts/S9pdVzfmNvI.txt,4,9257,47427
SHyvmu2yHRc,SHyvmu2yHRc.en-orig.txt,data/transcripts/SHyvmu2yHRc.en-orig.txt,1,10475,57419
Sa5HBmLwH00,Sa5HBmLwH00.txt,data/transcripts/Sa5HBmLwH00.txt,4,2109,11403
SwufoZmheHw,SwufoZmheHw.en-orig.txt,data/transcripts/SwufoZmheHw.en-orig.txt,1,222,1167
T-y9F_n1rZM,T-y9F_n1rZM.en-orig.txt,data/transcripts/T-y9F_n1rZM.en-orig.txt,1,8734,49496
T1SghqwJDsI,T1SghqwJDsI.en.txt,data/transcripts/T1SghqwJDsI.en.txt,2,25286,140737
T4q-n5Sxt2Y,T4q-n5Sxt2Y.en-orig.txt,data/transcripts/T4q-n5Sxt2Y.en-orig.txt,1,107,586
THvRM-RU764,THvRM-RU764.en.txt,data/transcripts/THvRM-RU764.en.txt,2,17213,95141
TLNnshDVRao,TLNnshDVRao.en-orig.txt,data/transcripts/TLNnshDVRao.en-orig.txt,1,3941,20619
TMmlL9bXdg0,TMmlL9bXdg0.en-orig.txt,data/transcripts/TMmlL9bXdg0.en-orig.txt,1,1251,6737
TVlLod9gHW8,TVlLod9gHW8.en-orig.txt,data/transcripts/TVlLod9gHW8.en-orig.txt,1,4013,22232
TW1jRrO1ob0,TW1jRrO1ob0.en-orig.txt,data/transcripts/TW1jRrO1ob0.en-orig.txt,1,665,3626
Tc2elWuujqw,Tc2elWuujqw.en-orig.txt,data/transcripts/Tc2elWuujqw.en-orig.txt,1,142,787
TcUzZ4fVtG4,TcUzZ4fVtG4.en-orig.txt,data/transcripts/TcUzZ4fVtG4.en-orig.txt,1,509,2994
Tqk_H51lqr0,Tqk_H51lqr0.en-orig.txt,data/transcripts/Tqk_H51lqr0.en-orig.txt,1,9834,63560
Tx1dODB8ox0,Tx1dODB8ox0.txt,data/transcripts/Tx1dODB8ox0.txt,4,6766,36163
ULYfXTvQRgw,ULYfXTvQRgw.en-orig.txt,data/transcripts/ULYfXTvQRgw.en-orig.txt,1,78,438
UV-kfLDCDHE,UV-kfLDCDHE.en-orig.txt,data/transcripts/UV-kfLDCDHE.en-orig.txt,1,570,2827
Ug8OoFAFfZ0,Ug8OoFAFfZ0.en.txt,data/transcripts/Ug8OoFAFfZ0.en.txt,2,758,4394
Uj7KlwPMsKU,Uj7KlwPMsKU.en-orig.txt,data/transcripts/Uj7KlwPMsKU.en-orig.txt,1,584,3410
UnNImpebWA8,UnNImpebWA8.en-orig.txt,data/transcripts/UnNImpebWA8.en-orig.txt,1,4473,24003
UwKuh0x56dM,UwKuh0x56dM.en-orig.txt,data/transcripts/UwKuh0x56dM.en-orig.txt,1,117,617
Ux0Cc9Gj5R8,Ux0Cc9Gj5R8.en.txt,data/transcripts/Ux0Cc9Gj5R8.en.txt,2,5120,29832
V-f6lHtjtKo,V-f6lHtjtKo.en-orig.txt,data/transcripts/V-f6lHtjtKo.en-orig.txt,1,904,4820
V4QOUPfdhzk,V4QOUPfdhzk.txt,data/transcripts/V4QOUPfdhzk.txt,4,2315,17584
VHEbukPnpoU,VHEbukPnpoU.txt,data/transcripts/VHEbukPnpoU.txt,4,196,787
VR0brYQrBTA,VR0brYQrBTA.txt,data/transcripts/VR0brYQrBTA.txt,4,660,3559
Vk6H0oT1n2U,Vk6H0oT1n2U.en.txt,data/transcripts/Vk6H0oT1n2U.en.txt,2,119,719
VuvYdsYQnH4,VuvYdsYQnH4.txt,data/transcripts/VuvYdsYQnH4.txt,4,336,2008
WByunqNwPQU,WByunqNwPQU.en.txt,data/transcripts/WByunqNwPQU.en.txt,2,174,904
WMFphvkfX1E,WMFphvkfX1E.txt,data/transcripts/WMFphvkfX1E.txt,4,6166,34174
WXuj8s3xYo8,WXuj8s3xYo8.en.txt,data/transcripts/WXuj8s3xYo8.en.txt,2,958,5563
WrMB_KCXHPg,WrMB_KCXHPg.txt,data/transcripts/WrMB_KCXHPg.txt,4,2577,15732
WxdR0Vmm8QA,WxdR0Vmm8QA.en-orig.txt,data/transcripts/WxdR0Vmm8QA.en-orig.txt,1,8,59
X-AEzhkysCg,X-AEzhkysCg.en-orig.txt,data/transcripts/X-AEzhkysCg.en-orig.txt,1,8,65
X3FKttoVT8k,X3FKttoVT8k.txt,data/transcripts/X3FKttoVT8k.txt,4,10000,50356
X7C8INDnWh0,X7C8INDnWh0.en-orig.txt,data/transcripts/X7C8INDnWh0.en-orig.txt,1,8,45
XZtA3D5fdJs,XZtA3D5fdJs.txt,data/transcripts/XZtA3D5fdJs.txt,4,7797,42175
XaQqwIuvDnM,XaQqwIuvDnM.en-orig.txt,data/transcripts/XaQqwIuvDnM.en-orig.txt,1,340,1853
Xqxd3CR-EOg,Xqxd3CR-EOg.en-orig.txt,data/transcripts/Xqxd3CR-EOg.en-orig.txt,1,13314,69781
YdBlP7DlYek,YdBlP7DlYek.en-orig.txt,data/transcripts/YdBlP7DlYek.en-orig.txt,1,1882,10412
YfPwMRCAzj4,YfPwMRCAzj4.txt,data/transcripts/YfPwMRCAzj4.txt,4,14091,65296
YjFYaNyfq4Y,YjFYaNyfq4Y.en.txt,data/transcripts/YjFYaNyfq4Y.en.txt,2,878,5041
Z6jMEMLRfXI,Z6jMEMLRfXI.txt,data/transcripts/Z6jMEMLRfXI.txt,4,2681,13342
Z8ASYVjkEOg,Z8ASYVjkEOg.en-orig.txt,data/transcripts/Z8ASYVjkEOg.en-orig.txt,1,572,3072
ZEzs6A3wiW0,ZEzs6A3wiW0.txt,data/transcripts/ZEzs6A3wiW0.txt,4,1198,6528
ZFuazWOx7eQ,ZFuazWOx7eQ.en-orig.txt,data/transcripts/ZFuazWOx7eQ.en-orig.txt,1,27,170
ZNmXEDIpuXg,ZNmXEDIpuXg.txt,data/transcripts/ZNmXEDIpuXg.txt,4,7138,40247
ZO0yj8NEb4g,ZO0yj8NEb4g.txt,data/transcripts/ZO0yj8NEb4g.txt,4,959,4458
ZQt8OSTmXj0,ZQt8OSTmXj0.en.txt,data/transcripts/ZQt8OSTmXj0.en.txt,2,3810,23737
Zb3NOnN70pQ,Zb3NOnN70pQ.txt,data/transcripts/Zb3NOnN70pQ.txt,4,6597,44926
ZbicnLm4Upw,ZbicnLm4Upw.txt,data/transcripts/ZbicnLm4Upw.txt,4,1605,8173
Zfeh1FUs-Ho,Zfeh1FUs-Ho.en.txt,data/transcripts/Zfeh1FUs-Ho.en.txt,2,1331,7665
Zw9gOSluAgs,Zw9gOSluAgs.en-orig.txt,data/transcripts/Zw9gOSluAgs.en-orig.txt,1,814,4318
_RfGDud954c,_RfGDud954c.en-orig.txt,data/transcripts/_RfGDud954c.en-orig.txt,1,9555,49918
_W9uV2M5Lk4,_W9uV2M5Lk4.en-orig.txt,data/transcripts/_W9uV2M5Lk4.en-orig.txt,1,132,764
aFcZReES734,aFcZReES734.en-orig.txt,data/transcripts/aFcZReES734.en-orig.txt,1,1042,6346
aJcRd6zIqUw,aJcRd6zIqUw.txt,data/transcripts/aJcRd6zIqUw.txt,4,804,4350
aJouQlY2EXA,aJouQlY2EXA.en-orig.txt,data/transcripts/aJouQlY2EXA.en-orig.txt,1,1642,8996
aRZPKYnfYS0,aRZPKYnfYS0.en-orig.txt,data/transcripts/aRZPKYnfYS0.en-orig.txt,1,93027,520233
acHlKJjhxBs,acHlKJjhxBs.txt,data/transcripts/acHlKJjhxBs.txt,4,117,774
acfiSv4S9aY,acfiSv4S9aY.en-orig.txt,data/transcripts/acfiSv4S9aY.en-orig.txt,1,2671,14438
ad8IrsK5oTc,ad8IrsK5oTc.en.txt,data/transcripts/ad8IrsK5oTc.en.txt,2,244,1578
agqZWtuol2E,agqZWtuol2E.txt,data/transcripts/agqZWtuol2E.txt,4,15200,76533
atFX3FjIx4Y,atFX3FjIx4Y.en-orig.txt,data/transcripts/atFX3FjIx4Y.en-orig.txt,1,17772,91033
azMcABrZNuo,azMcABrZNuo.en-orig.txt,data/transcripts/azMcABrZNuo.en-orig.txt,1,7883,43370
bLV-SO_FDbA,bLV-SO_FDbA.en.txt,data/transcripts/bLV-SO_FDbA.en.txt,2,6,43
bPeRBLQeSDw,bPeRBLQeSDw.txt,data/transcripts/bPeRBLQeSDw.txt,4,1494,6693
bfagZf_1n-s,bfagZf_1n-s.txt,data/transcripts/bfagZf_1n-s.txt,4,2016,10673
bq_vX0Uz9SA,bq_vX0Uz9SA.en-orig.txt,data/transcripts/bq_vX0Uz9SA.en-orig.txt,1,406,2479
cMqkFWlaguo,cMqkFWlaguo.en-orig.txt,data/transcripts/cMqkFWlaguo.en-orig.txt,1,2328,12497
cU34euFNPN0,cU34euFNPN0.en-orig.txt,data/transcripts/cU34euFNPN0.en-orig.txt,1,243,1328
cbQTJMmoqic,cbQTJMmoqic.txt,data/transcripts/cbQTJMmoqic.txt,4,17913,92029
cpePPqa-iYw,cpePPqa-iYw.en-orig.txt,data/transcripts/cpePPqa-iYw.en-orig.txt,1,660,3459
cyUhWpbpho8,cyUhWpbpho8.en-orig.txt,data/transcripts/cyUhWpbpho8.en-orig.txt,1,1475,7420
d5rD6w6zgpQ,d5rD6w6zgpQ.en-orig.txt,data/transcripts/d5rD6w6zgpQ.en-orig.txt,1,3071,17081
dIiWtTgIfvI,dIiWtTgIfvI.txt,data/transcripts/dIiWtTgIfvI.txt,4,341,2053
dLYgy46XqCA,dLYgy46XqCA.txt,data/transcripts/dLYgy46XqCA.txt,4,644,3787
dPGr8P5zcsE,dPGr8P5zcsE.en.txt,data/transcripts/dPGr8P5zcsE.en.txt,2,512,2768
dvwixpYQqpo,dvwixpYQqpo.txt,data/transcripts/dvwixpYQqpo.txt,4,111,623
dzFhf3u6hFQ,dzFhf3u6hFQ.en-orig.txt,data/transcripts/dzFhf3u6hFQ.en-orig.txt,1,436,2494
eZHXGH0ZrSo,eZHXGH0ZrSo.txt,data/transcripts/eZHXGH0ZrSo.txt,4,1313,6805
ekcmhzhKMoM,ekcmhzhKMoM.en-orig.txt,data/transcripts/ekcmhzhKMoM.en-orig.txt,1,276,1472
ewA_8ffCVds,ewA_8ffCVds.txt,data/transcripts/ewA_8ffCVds.txt,4,467,2593
fe3HotuqUxA,fe3HotuqUxA.txt,data/transcripts/fe3HotuqUxA.txt,4,785,3923
fhbbwc5Q74I,fhbbwc5Q74I.en.txt,data/transcripts/fhbbwc5Q74I.en.txt,2,1158,6386
fi98oUBFJv0,fi98oUBFJv0.en-orig.txt,data/transcripts/fi98oUBFJv0.en-orig.txt,1,687,3748
fvsC4x4VBpM,fvsC4x4VBpM.en.txt,data/transcripts/fvsC4x4VBpM.en.txt,2,8314,46601
fys2jjfYeYw,fys2jjfYeYw.en-orig.txt,data/transcripts/fys2jjfYeYw.en-orig.txt,1,126,653
g1H49l0pL98,g1H49l0pL98.en-orig.txt,data/transcripts/g1H49l0pL98.en-orig.txt,1,3001,16446
g1oTXSPqPAY,g1oTXSPqPAY.txt,data/transcripts/g1oTXSPqPAY.txt,4,13403,59009
gJk-AgfvS_4,gJk-AgfvS_4.en-orig.txt,data/transcripts/gJk-AgfvS_4.en-orig.txt,1,2012,10628
gNQyUal5xhQ,gNQyUal5xhQ.txt,data/transcripts/gNQyUal5xhQ.txt,4,2523,13312
gQ03slMQ8ko,gQ03slMQ8ko.en-orig.txt,data/transcripts/gQ03slMQ8ko.en-orig.txt,1,334,2243
gSpwZOzqbWI,gSpwZOzqbWI.en.txt,data/transcripts/gSpwZOzqbWI.en.txt,2,6367,34364
gk7YtCg32HA,gk7YtCg32HA.txt,data/transcripts/gk7YtCg32HA.txt,4,1835,10429
gpXdaM7_P6U,gpXdaM7_P6U.en-orig.txt,data/transcripts/gpXdaM7_P6U.en-orig.txt,1,18,121
h8Kn1BcuLjE,h8Kn1BcuLjE.en-orig.txt,data/transcripts/h8Kn1BcuLjE.en-orig.txt,1,1871,9232
hDRgMd6DmIo,hDRgMd6DmIo.en-orig.txt,data/transcripts/hDRgMd6DmIo.en-orig.txt,1,8,53
hJbRpHZr_d0,hJbRpHZr_d0.en-orig.txt,data/transcripts/hJbRpHZr_d0.en-orig.txt,1,9314,48347
hnOJOa6X-tI,hnOJOa6X-tI.txt,data/transcripts/hnOJOa6X-tI.txt,4,650,3322
hnjw5VT6Wvo,hnjw5VT6Wvo.txt,data/transcripts/hnjw5VT6Wvo.txt,4,129,694
iHwQb0U3ioA,iHwQb0U3ioA.txt,data/transcripts/iHwQb0U3ioA.txt,4,7434,47366
ipitZ_o2ut4,ipitZ_o2ut4.en-orig.txt,data/transcripts/ipitZ_o2ut4.en-orig.txt,1,112,626
iqFu1awvhws,iqFu1awvhws.en-orig.txt,data/transcripts/iqFu1awvhws.en-orig.txt,1,1362,7390
jjIdKAP6PEM,jjIdKAP6PEM.en-orig.txt,data/transcripts/jjIdKAP6PEM.en-orig.txt,1,7130,36900
jwT2IjDGov8,jwT2IjDGov8.en-orig.txt,data/transcripts/jwT2IjDGov8.en-orig.txt,1,5540,30520
k4ShTgGxw2c,k4ShTgGxw2c.txt,data/transcripts/k4ShTgGxw2c.txt,4,11687,64632
kD5FRSTMquw,kD5FRSTMquw.en-orig.txt,data/transcripts/kD5FRSTMquw.en-orig.txt,1,1032,5178
kf5vQsizv4Q,kf5vQsizv4Q.en.txt,data/transcripts/kf5vQsizv4Q.en.txt,2,14,102
l43cXcxA2Pk,l43cXcxA2Pk.en-orig.txt,data/transcripts/l43cXcxA2Pk.en-orig.txt,1,1584,8023
lUr2dWL-2sg,lUr2dWL-2sg.en-orig.txt,data/transcripts/lUr2dWL-2sg.en-orig.txt,1,342,2080
lgr6pC8NZ7c,lgr6pC8NZ7c.en-orig.txt,data/transcripts/lgr6pC8NZ7c.en-orig.txt,1,2064,12067
lhw5-pJoPNk,lhw5-pJoPNk.en.txt,data/transcripts/lhw5-pJoPNk.en.txt,2,2161,11941
lk-cywvWusY,lk-cywvWusY.en-orig.txt,data/transcripts/lk-cywvWusY.en-orig.txt,1,795,4252
lpphjLp9dW0,lpphjLp9dW0.en-orig.txt,data/transcripts/lpphjLp9dW0.en-orig.txt,1,11481,61209
mJGq4os7l7g,mJGq4os7l7g.en-orig.txt,data/transcripts/mJGq4os7l7g.en-orig.txt,1,15321,81386
mZVIoVj-L4A,mZVIoVj-L4A.en-orig.txt,data/transcripts/mZVIoVj-L4A.en-orig.txt,1,53,279
n0sFQHoOSxI,n0sFQHoOSxI.en-orig.txt,data/transcripts/n0sFQHoOSxI.en-orig.txt,1,26566,146470
n2iIQ7PTTXc,n2iIQ7PTTXc.en.txt,data/transcripts/n2iIQ7PTTXc.en.txt,2,505,3009
n5TVO7Cyd9c,n5TVO7Cyd9c.en-orig.txt,data/transcripts/n5TVO7Cyd9c.en-orig.txt,1,3576,18634
n6HfFdQvkws,n6HfFdQvkws.txt,data/transcripts/n6HfFdQvkws.txt,4,105,562
nO7_sRZY8FM,nO7_sRZY8FM.en-orig.txt,data/transcripts/nO7_sRZY8FM.en-orig.txt,1,264,1411
nYEYlAKv-d0,nYEYlAKv-d0.en-orig.txt,data/transcripts/nYEYlAKv-d0.en-orig.txt,1,19,156
nma3F37U1iw,nma3F37U1iw.en-orig.txt,data/transcripts/nma3F37U1iw.en-orig.txt,1,1088,5715
nrp-g2BQ1FA,nrp-g2BQ1FA.txt,data/transcripts/nrp-g2BQ1FA.txt,4,6854,39259
nz5ureft4mQ,nz5ureft4mQ.txt,data/transcripts/nz5ureft4mQ.txt,4,551,3017
o5y-RR-OqjU,o5y-RR-OqjU.en-orig.txt,data/transcripts/o5y-RR-OqjU.en-orig.txt,1,12061,65567
o7k5hYchTrg,o7k5hYchTrg.en-orig.txt,data/transcripts/o7k5hYchTrg.en-orig.txt,1,661,3383
oUjU4PSdpGY,oUjU4PSdpGY.en.txt,data/transcripts/oUjU4PSdpGY.en.txt,2,72,350
ohIQbrp5ifg,ohIQbrp5ifg.en-orig.txt,data/transcripts/ohIQbrp5ifg.en-orig.txt,1,779,4411
otGmdJKC1mE,otGmdJKC1mE.en-orig.txt,data/transcripts/otGmdJKC1mE.en-orig.txt,1,5487,30206
pNDR2cHqdZ4,pNDR2cHqdZ4.txt,data/transcripts/pNDR2cHqdZ4.txt,4,3747,21043
pODBBQE637I,pODBBQE637I.txt,data/transcripts/pODBBQE637I.txt,4,617,3548
pVMoE6ISi0c,pVMoE6ISi0c.txt,data/transcripts/pVMoE6ISi0c.txt,4,4217,23406
pVpQ0sMPXvs,pVpQ0sMPXvs.en-orig.txt,data/transcripts/pVpQ0sMPXvs.en-orig.txt,1,492,2443
pW_P1E4g3v8,pW_P1E4g3v8.en-orig.txt,data/transcripts/pW_P1E4g3v8.en-orig.txt,1,1235,7432
pw7b_iHlpJ8,pw7b_iHlpJ8.en-orig.txt,data/transcripts/pw7b_iHlpJ8.en-orig.txt,1,425,2285
q10D3JUegmE,q10D3JUegmE.en-orig.txt,data/transcripts/q10D3JUegmE.en-orig.txt,1,1964,10137
q5m6tMjcF8k,q5m6tMjcF8k.en-orig.txt,data/transcripts/q5m6tMjcF8k.en-orig.txt,1,2554,13830
qAaqF8kgN4M,qAaqF8kgN4M.txt,data/transcripts/qAaqF8kgN4M.txt,4,5124,25661
qUipY3hkyuk,qUipY3hkyuk.txt,data/transcripts/qUipY3hkyuk.txt,4,2285,13238
q_0aUDl_DyU,q_0aUDl_DyU.txt,data/transcripts/q_0aUDl_DyU.txt,4,4659,24399
qaEJuCjQyy0,qaEJuCjQyy0.en.txt,data/transcripts/qaEJuCjQyy0.en.txt,2,1373,7703
qbpqq7VB8ek,qbpqq7VB8ek.txt,data/transcripts/qbpqq7VB8ek.txt,4,4923,22299
qk_bP48As5w,qk_bP48As5w.en-orig.txt,data/transcripts/qk_bP48As5w.en-orig.txt,1,882,4707
qmdbYk9dlpk,qmdbYk9dlpk.en-orig.txt,data/transcripts/qmdbYk9dlpk.en-orig.txt,1,6,43
qwJuri4y-h4,qwJuri4y-h4.en-orig.txt,data/transcripts/qwJuri4y-h4.en-orig.txt,1,38057,187631
qxBnGIqKflU,qxBnGIqKflU.en-orig.txt,data/transcripts/qxBnGIqKflU.en-orig.txt,1,47142,253793
r-rr9x4b3SU,r-rr9x4b3SU.en-orig.txt,data/transcripts/r-rr9x4b3SU.en-orig.txt,1,865,4582
rcSz2VMCCKU,rcSz2VMCCKU.en-orig.txt,data/transcripts/rcSz2VMCCKU.en-orig.txt,1,269,1617
ridpX-gHIv4,ridpX-gHIv4.txt,data/transcripts/ridpX-gHIv4.txt,4,39688,191643
riuwPHJ92l4,riuwPHJ92l4.txt,data/transcripts/riuwPHJ92l4.txt,4,301,1464
rjLFmSXiNS8,rjLFmSXiNS8.en-orig.txt,data/transcripts/rjLFmSXiNS8.en-orig.txt,1,11243,59301
rsD7BTTzAJk,rsD7BTTzAJk.txt,data/transcripts/rsD7BTTzAJk.txt,4,6520,37485
rtF8Y8JOMdQ,rtF8Y8JOMdQ.en.txt,data/transcripts/rtF8Y8JOMdQ.en.txt,2,6616,37913
rwqxnCbrMsI,rwqxnCbrMsI.en-orig.txt,data/transcripts/rwqxnCbrMsI.en-orig.txt,1,1080,5672
seEJzf3xKuk,seEJzf3xKuk.txt,data/transcripts/seEJzf3xKuk.txt,4,10606,60283
sgYj-8_vS2k,sgYj-8_vS2k.txt,data/transcripts/sgYj-8_vS2k.txt,4,13742,75699
smd0j-mQSMg,smd0j-mQSMg.txt,data/transcripts/smd0j-mQSMg.txt,4,5158,33894
tWoy_ZYtB40,tWoy_ZYtB40.en-orig.txt,data/transcripts/tWoy_ZYtB40.en-orig.txt,1,1085,5556
tptJW8Syu70,tptJW8Syu70.txt,data/transcripts/tptJW8Syu70.txt,4,199,858
tv95dQ14_Ic,tv95dQ14_Ic.en.txt,data/transcripts/tv95dQ14_Ic.en.txt,2,6,44
uX6PURK-u3I,uX6PURK-u3I.en-orig.txt,data/transcripts/uX6PURK-u3I.en-orig.txt,1,261,1291
ulZk2QveRpk,ulZk2QveRpk.en-orig.txt,data/transcripts/ulZk2QveRpk.en-orig.txt,1,281,1510
umFpN_DcmMQ,umFpN_DcmMQ.txt,data/transcripts/umFpN_DcmMQ.txt,4,1308,7629
uoq-XklrKTY,uoq-XklrKTY.txt,data/transcripts/uoq-XklrKTY.txt,4,1305,7188
uxTNtXRP7A4,uxTNtXRP7A4.txt,data/transcripts/uxTNtXRP7A4.txt,4,11437,64653
uz5raB6x-vU,uz5raB6x-vU.en-orig.txt,data/transcripts/uz5raB6x-vU.en-orig.txt,1,5,31
v4keIoV9bL0,v4keIoV9bL0.txt,data/transcripts/v4keIoV9bL0.txt,4,9940,46269
v9gRLeQwbq0,v9gRLeQwbq0.en-orig.txt,data/transcripts/v9gRLeQwbq0.en-orig.txt,1,944,5148
vQ7ZvPghdy8,vQ7ZvPghdy8.en.txt,data/transcripts/vQ7ZvPghdy8.en.txt,2,1684,9178
vTy3n0WNsKw,vTy3n0WNsKw.txt,data/transcripts/vTy3n0WNsKw.txt,4,1007,4778
vyuVgYsUY24,vyuVgYsUY24.en-orig.txt,data/transcripts/vyuVgYsUY24.en-orig.txt,1,296,1639
w3oYX7jaC1w,w3oYX7jaC1w.txt,data/transcripts/w3oYX7jaC1w.txt,4,733,3530
w9ifmlcu8eg,w9ifmlcu8eg.txt,data/transcripts/w9ifmlcu8eg.txt,4,1572,8359
w9wacV68ScE,w9wacV68ScE.en-orig.txt,data/transcripts/w9wacV68ScE.en-orig.txt,1,8,59
w_GjTWW5jPk,w_GjTWW5jPk.txt,data/transcripts/w_GjTWW5jPk.txt,4,4854,25773
wtEaDOwgC_4,wtEaDOwgC_4.txt,data/transcripts/wtEaDOwgC_4.txt,4,982,5537
x-F7IDlG0f0,x-F7IDlG0f0.txt,data/transcripts/x-F7IDlG0f0.txt,4,2430,12839
xhdR-Cmk31E,xhdR-Cmk31E.en-orig.txt,data/transcripts/xhdR-Cmk31E.en-orig.txt,1,608,3488
xvr75gbVs5A,xvr75gbVs5A.en-orig.txt,data/transcripts/xvr75gbVs5A.en-orig.txt,1,2274,12151
y7xNiREqa9M,y7xNiREqa9M.en-orig.txt,data/transcripts/y7xNiREqa9M.en-orig.txt,1,12510,67920
y8aiwgZpzmo,y8aiwgZpzmo.en-orig.txt,data/transcripts/y8aiwgZpzmo.en-orig.txt,1,4130,21373
y9yZYylDQ4I,y9yZYylDQ4I.txt,data/transcripts/y9yZYylDQ4I.txt,4,3743,20083
yJmMYPRU_UI,yJmMYPRU_UI.en-orig.txt,data/transcripts/yJmMYPRU_UI.en-orig.txt,1,1989,11407
yP__PsrX80A,yP__PsrX80A.en-orig.txt,data/transcripts/yP__PsrX80A.en-orig.txt,1,361,2005
yQYJQ5cZ-bM,yQYJQ5cZ-bM.txt,data/transcripts/yQYJQ5cZ-bM.txt,4,25710,132081
ymymYY2d-Bs,ymymYY2d-Bs.en-orig.txt,data/transcripts/ymymYY2d-Bs.en-orig.txt,1,102,528
ypMTDHZBmAs,ypMTDHZBmAs.en-orig.txt,data/transcripts/ypMTDHZBmAs.en-orig.txt,1,290,1540
ywL_5NITNeY,ywL_5NITNeY.en-orig.txt,data/transcripts/ywL_5NITNeY.en-orig.txt,1,1791,9072
ywfhwx8ZDHo,ywfhwx8ZDHo.en-orig.txt,data/transcripts/ywfhwx8ZDHo.en-orig.txt,1,2971,15860
z-bhOiKg45o,z-bhOiKg45o.en.txt,data/transcripts/z-bhOiKg45o.en.txt,2,434,2585
z98ZKHcuhlc,z98ZKHcuhlc.en-orig.txt,data/transcripts/z98ZKHcuhlc.en-orig.txt,1,437,2429
zS90yaIFer0,zS90yaIFer0.en-orig.txt,data/transcripts/zS90yaIFer0.en-orig.txt,1,15291,79533
zSBRpLsXGmg,zSBRpLsXGmg.en-orig.txt,data/transcripts/zSBRpLsXGmg.en-orig.txt,1,845,4457
znt2Wu6eXm0,znt2Wu6eXm0.en-orig.txt,data/transcripts/znt2Wu6eXm0.en-orig.txt,1,12,73
zpbGQYHV3Gc,zpbGQYHV3Gc.en-orig.txt,data/transcripts/zpbGQYHV3Gc.en-orig.txt,1,574,3224
