video_id,filepath,word_count,character_count
aRZPKYnfYS0,data/transcripts/aRZPKYnfYS0.en-orig.txt,93027,520233
Ez2IFfaoRJQ,data/transcripts/Ez2IFfaoRJQ.en.txt,88700,479690
etHlu9QTTRM,data/transcripts_recovered_research/etHlu9QTTRM.hi.txt,71757,352295
cEebNNbLlQU,data/transcripts_recovered_research/cEebNNbLlQU.en.txt,67835,369075
CWa-gW_-7zQ,data/transcripts_recovered_research/CWa-gW_-7zQ.en.txt,65381,357054
qxBnGIqKflU,data/transcripts/qxBnGIqKflU.en-orig.txt,47142,253793
mb54KIYrqHg,data/transcripts_recovered_research/mb54KIYrqHg.hi.txt,45583,232647
ridpX-gHIv4,data/transcripts/ridpX-gHIv4.txt,39688,191643
qwJuri4y-h4,data/transcripts/qwJuri4y-h4.en-orig.txt,38057,187631
j-f0YHcix90,data/transcripts_recovered_research/j-f0YHcix90.en.txt,36947,202550
_IKq9_hxfR8,data/transcripts_recovered_research/_IKq9_hxfR8.en.txt,33263,185239
RbhNAq8XeP0,data/transcripts/RbhNAq8XeP0.txt,32820,180945
7gZ2hpcA-E0,data/transcripts_recovered_research/7gZ2hpcA-E0.hi.txt,31987,160381
DWtnKRL30jo,data/transcripts/DWtnKRL30jo.en-orig.txt,29944,160587
n0sFQHoOSxI,data/transcripts/n0sFQHoOSxI.en-orig.txt,26566,146470
NV3VHS_AFJQ,data/transcripts/NV3VHS_AFJQ.en-orig.txt,25831,134361
yQYJQ5cZ-bM,data/transcripts/yQYJQ5cZ-bM.txt,25710,132081
T1SghqwJDsI,data/transcripts/T1SghqwJDsI.en.txt,25286,140737
14z7QKI0f6s,data/transcripts/14z7QKI0f6s.txt,23890,116510
4Cob6uu3pww,data/transcripts/4Cob6uu3pww.en.txt,23701,131975
4nDCyJx-uPA,data/transcripts/4nDCyJx-uPA.txt,22719,104942
UMSIaxSdOa4,data/transcripts_recovered_research/UMSIaxSdOa4.en.txt,20730,115220
DnvGnPk5p5k,data/transcripts/DnvGnPk5p5k.en.txt,20392,114758
6WtvdIBrW8c,data/transcripts_recovered_research/6WtvdIBrW8c.hi.txt,18389,88811
cbQTJMmoqic,data/transcripts/cbQTJMmoqic.txt,17913,92029
atFX3FjIx4Y,data/transcripts/atFX3FjIx4Y.en.txt,17772,91033
D-kdaFEJ9Nk,data/transcripts/D-kdaFEJ9Nk.en.txt,17307,99275
THvRM-RU764,data/transcripts/THvRM-RU764.en.txt,17213,95141
EHxM99Tw3ME,data/transcripts/EHxM99Tw3ME.en-orig.txt,16850,83298
CA7l6wDCEbU,data/transcripts/CA7l6wDCEbU.txt,15957,102963
67TL2nk8bcI,data/transcripts/67TL2nk8bcI.en.txt,15413,80982
mJGq4os7l7g,data/transcripts/mJGq4os7l7g.en-orig.txt,15321,81386
ucLh0_3oE6Y,data/transcripts_recovered_research/ucLh0_3oE6Y.en.txt,15296,86714
zS90yaIFer0,data/transcripts/zS90yaIFer0.en.txt,15291,79533
agqZWtuol2E,data/transcripts/agqZWtuol2E.txt,15200,76533
7zGVGDZPxxA,data/transcripts/7zGVGDZPxxA.en-orig.txt,14537,75741
YfPwMRCAzj4,data/transcripts/YfPwMRCAzj4.txt,14091,65296
sgYj-8_vS2k,data/transcripts/sgYj-8_vS2k.txt,13742,75699
g1oTXSPqPAY,data/transcripts/g1oTXSPqPAY.txt,13403,59009
Xqxd3CR-EOg,data/transcripts/Xqxd3CR-EOg.en-orig.txt,13314,69781
Kxc6ZCb0_yo,data/transcripts_recovered_research/Kxc6ZCb0_yo.hi.txt,13099,69376
81J_pa88Mi4,data/transcripts_recovered_research/81J_pa88Mi4.en.txt,13069,71144
tdplSsPk8tI,data/transcripts_recovered_research/tdplSsPk8tI.en.txt,12940,69974
tO2uXTDYWlY,data/transcripts_recovered_research/tO2uXTDYWlY.en.txt,12816,69355
Iyx7desT8h8,data/transcripts_recovered_research/Iyx7desT8h8.hi.txt,12600,66534
y7xNiREqa9M,data/transcripts/y7xNiREqa9M.en-orig.txt,12510,67920
v29_ChZwR20,data/transcripts_recovered_research/v29_ChZwR20.hi.txt,12383,65359
KZa6YfdR4Vc,data/transcripts_recovered_research/KZa6YfdR4Vc.en.txt,12097,65762
o5y-RR-OqjU,data/transcripts/o5y-RR-OqjU.en.txt,12061,65567
BR2ypLeUvBY,data/transcripts/BR2ypLeUvBY.en.txt,11967,63996
k4ShTgGxw2c,data/transcripts/k4ShTgGxw2c.txt,11687,64632
lpphjLp9dW0,data/transcripts/lpphjLp9dW0.en-orig.txt,11481,61209
uxTNtXRP7A4,data/transcripts/uxTNtXRP7A4.txt,11437,64653
BNaaeF767K8,data/transcripts/BNaaeF767K8.en.txt,11395,59151
rjLFmSXiNS8,data/transcripts/rjLFmSXiNS8.en.txt,11243,59301
0ATwmzKsHts,data/transcripts_recovered_research/0ATwmzKsHts.hi.txt,11027,58602
42a7bYUS4HI,data/transcripts/42a7bYUS4HI.txt,11014,61022
REcI14WYLfg,data/transcripts_recovered_research/REcI14WYLfg.en.txt,11001,65023
S7Xj2DjSAOo,data/transcripts/S7Xj2DjSAOo.en.txt,10987,62580
seEJzf3xKuk,data/transcripts/seEJzf3xKuk.txt,10606,60283
SHyvmu2yHRc,data/transcripts/SHyvmu2yHRc.en.txt,10475,57419
eWjwbFEcIes,data/transcripts_recovered_research/eWjwbFEcIes.hi.txt,10436,53387
DPyvzFfcVxo,data/transcripts_recovered_research/DPyvzFfcVxo.hi.txt,10149,48398
0neaOfzxy3Y,data/transcripts/0neaOfzxy3Y.en.txt,10143,55331
FsS7-0i8C-4,data/transcripts/FsS7-0i8C-4.txt,10050,47663
X3FKttoVT8k,data/transcripts/X3FKttoVT8k.txt,10000,50356
T8HPu3QiNr0,data/transcripts_recovered_research/T8HPu3QiNr0.bn.txt,9972,56736
v4keIoV9bL0,data/transcripts/v4keIoV9bL0.txt,9940,46269
3iZ5WMvDy_4,data/transcripts_recovered_research/3iZ5WMvDy_4.hi.txt,9862,49262
7WPQ2ekm7ZM,data/transcripts/7WPQ2ekm7ZM.en-orig.txt,9838,56349
Tqk_H51lqr0,data/transcripts/Tqk_H51lqr0.en-orig.txt,9834,63560
iNE_0MHCPBg,data/transcripts_recovered_research/iNE_0MHCPBg.en.txt,9827,55696
xgIkGdwPqlQ,data/transcripts_recovered_research/xgIkGdwPqlQ.en.txt,9772,53308
76pKrIr7FlM,data/transcripts/76pKrIr7FlM.en-orig.txt,9594,52742
_RfGDud954c,data/transcripts/_RfGDud954c.en.txt,9555,49918
HxEEwQDE2lI,data/transcripts_recovered_research/HxEEwQDE2lI.hi.txt,9519,46796
laKrFedAIYs,data/transcripts_recovered_research/laKrFedAIYs.en.txt,9372,51086
hJbRpHZr_d0,data/transcripts/hJbRpHZr_d0.en-orig.txt,9314,48347
52rs7XGbJvc,data/transcripts_recovered_research/52rs7XGbJvc.hi.txt,9274,41726
S9pdVzfmNvI,data/transcripts/S9pdVzfmNvI.txt,9257,47427
D5zJ5YIxOKA,data/transcripts_recovered_research/D5zJ5YIxOKA.hi.txt,9197,43984
AkLEk8bb7RI,data/transcripts_recovered_research/AkLEk8bb7RI.en.txt,9161,49186
T-y9F_n1rZM,data/transcripts/T-y9F_n1rZM.en.txt,8734,49496
4a9GieNT4Z8,data/transcripts/4a9GieNT4Z8.txt,8699,49385
HGXXOaEQEa0,data/transcripts/HGXXOaEQEa0.txt,8665,45018
ijS-ruHh_-8,data/transcripts_recovered_research/ijS-ruHh_-8.en.txt,8655,48279
CIbR7odQklk,data/transcripts/CIbR7odQklk.en.txt,8578,48433
i-Nuc_L4mio,data/transcripts_recovered_research/i-Nuc_L4mio.hi.txt,8498,38896
r_s9fyqBDDg,data/transcripts_recovered_research/r_s9fyqBDDg.en.txt,8357,48185
fvsC4x4VBpM,data/transcripts/fvsC4x4VBpM.en.txt,8314,46601
pgfmCg6-Poc,data/transcripts_recovered_research/pgfmCg6-Poc.hi.txt,8227,39564
hqSZI4xHvw8,data/transcripts_recovered_research/hqSZI4xHvw8.en.txt,8152,43216
Q-x-DX47QJo,data/transcripts_recovered_research/Q-x-DX47QJo.en.txt,8085,41592
YwMEcKsq_R0,data/transcripts_recovered_research/YwMEcKsq_R0.hi.txt,8064,38722
c8A_BkXMcKA,data/transcripts_recovered_research/c8A_BkXMcKA.hi.txt,7986,43191
24OcYjeKAZo,data/transcripts_recovered_research/24OcYjeKAZo.en.txt,7937,43411
azMcABrZNuo,data/transcripts/azMcABrZNuo.en.txt,7883,43370
AefxKKTqv5I,data/transcripts/AefxKKTqv5I.en.txt,7866,42287
XZtA3D5fdJs,data/transcripts/XZtA3D5fdJs.txt,7797,42175
BlyAhlQvF04,data/transcripts_recovered_research/BlyAhlQvF04.hi.txt,7777,39104
6AK0fkhCjO4,data/transcripts_recovered_research/6AK0fkhCjO4.hi.txt,7713,40113
7jc1TMMnEbM,data/transcripts_recovered_research/7jc1TMMnEbM.en.txt,7610,41890
MVckEuCgVmY,data/transcripts_recovered_research/MVckEuCgVmY.hi.txt,7610,39509
iHwQb0U3ioA,data/transcripts/iHwQb0U3ioA.txt,7434,47366
xivKGF3fDpA,data/transcripts_recovered_research/xivKGF3fDpA.en.txt,7426,40547
2pEUxdJxm3U,data/transcripts_recovered_research/2pEUxdJxm3U.en.txt,7361,38924
7axw1ORZhV8,data/transcripts_recovered_research/7axw1ORZhV8.en.txt,7354,39708
FKOpBDx-IMk,data/transcripts_recovered_research/FKOpBDx-IMk.hi.txt,7337,37489
vOlbsk_ru_U,data/transcripts_recovered_research/vOlbsk_ru_U.hi.txt,7202,36567
ZNmXEDIpuXg,data/transcripts/ZNmXEDIpuXg.txt,7138,40247
jjIdKAP6PEM,data/transcripts/jjIdKAP6PEM.en.txt,7130,36900
NHPENqo4x4M,data/transcripts_recovered_research/NHPENqo4x4M.hi.txt,7051,34561
JqYSRv8QgRQ,data/transcripts/JqYSRv8QgRQ.en.txt,6961,38685
DsV7FJ0Xvnk,data/transcripts_recovered_research/DsV7FJ0Xvnk.en.txt,6950,37943
JhLECip4b4I,data/transcripts/JhLECip4b4I.en.txt,6889,35930
nrp-g2BQ1FA,data/transcripts/nrp-g2BQ1FA.txt,6854,39259
V_qBVguvIkc,data/transcripts_recovered_research/V_qBVguvIkc.hi.txt,6844,31469
JbzEmGWh1mc,data/transcripts_recovered_research/JbzEmGWh1mc.en.txt,6814,38432
Cn69_7WkUSM,data/transcripts_recovered_research/Cn69_7WkUSM.en.txt,6797,36358
mmG4jDBWIsU,data/transcripts_recovered_research/mmG4jDBWIsU.en.txt,6787,37400
Tx1dODB8ox0,data/transcripts/Tx1dODB8ox0.txt,6766,36163
XgPRT2axJUM,data/transcripts_recovered_research/XgPRT2axJUM.en.txt,6726,39127
rtF8Y8JOMdQ,data/transcripts/rtF8Y8JOMdQ.en.txt,6616,37913
Zb3NOnN70pQ,data/transcripts/Zb3NOnN70pQ.txt,6597,44926
RBwItubQCoQ,data/transcripts/RBwItubQCoQ.en.txt,6591,35349
rsD7BTTzAJk,data/transcripts/rsD7BTTzAJk.txt,6520,37485
UG8DzCVxldI,data/transcripts_recovered_research/UG8DzCVxldI.hi.txt,6474,32979
7nWJrh6-umI,data/transcripts/7nWJrh6-umI.en-orig.txt,6404,33407
0XoCpPXlV4w,data/transcripts_recovered_research/0XoCpPXlV4w.en.txt,6403,35577
gSpwZOzqbWI,data/transcripts/gSpwZOzqbWI.en.txt,6367,34364
z7RdbXnjjMc,data/transcripts_recovered_research/z7RdbXnjjMc.en.txt,6345,34617
8QTYAyi0iD4,data/transcripts/8QTYAyi0iD4.txt,6305,37466
lA9dHOAGUjs,data/transcripts_recovered_research/lA9dHOAGUjs.en.txt,6250,33929
xsf1eHv_vSE,data/transcripts_recovered_research/xsf1eHv_vSE.hi.txt,6189,30322
WMFphvkfX1E,data/transcripts/WMFphvkfX1E.txt,6166,34174
PBM7Fs03FuI,data/transcripts_recovered_research/PBM7Fs03FuI.hi.txt,6121,30137
MhLMPC5zjWc,data/transcripts/MhLMPC5zjWc.txt,6051,49082
mFKrbvCrs5s,data/transcripts_recovered_research/mFKrbvCrs5s.en.txt,6038,33488
eeaerqpZd7g,data/transcripts_recovered_research/eeaerqpZd7g.hi.txt,5994,29664
CgmAmbaWiec,data/transcripts_recovered_research/CgmAmbaWiec.hi.txt,5975,27163
Zi6BXd5OjrI,data/transcripts_recovered_research/Zi6BXd5OjrI.en.txt,5968,30873
GTYUovcslV0,data/transcripts_recovered_research/GTYUovcslV0.en.txt,5952,33283
kkvjhnSG3pQ,data/transcripts_recovered_research/kkvjhnSG3pQ.en.txt,5929,32133
kvd5fCy-ITE,data/transcripts_recovered_research/kvd5fCy-ITE.en.txt,5928,32213
D46TlqnV0hE,data/transcripts_recovered_research/D46TlqnV0hE.hi.txt,5922,28516
SPWeCdEFZDY,data/transcripts_recovered_research/SPWeCdEFZDY.en.txt,5921,31240
6Q2VsWvIFrg,data/transcripts_recovered_research/6Q2VsWvIFrg.en.txt,5855,34091
Sc08I9A0oLU,data/transcripts_recovered_research/Sc08I9A0oLU.hi.txt,5835,29369
6u2Az-WuzVA,data/transcripts_recovered_research/6u2Az-WuzVA.en.txt,5819,31230
znl48C9WgYQ,data/transcripts_recovered_research/znl48C9WgYQ.hi.txt,5773,27296
KYKcxkZzHp8,data/transcripts_recovered_research/KYKcxkZzHp8.en.txt,5761,31491
xR9j7yG-94A,data/transcripts_recovered_research/xR9j7yG-94A.en.txt,5723,31074
3-4dvMSYSis,data/transcripts_recovered_research/3-4dvMSYSis.en.txt,5713,31833
tYr0q8HLkQY,data/transcripts_recovered_research/tYr0q8HLkQY.hi.txt,5705,27195
vRA895CMn1o,data/transcripts_recovered_research/vRA895CMn1o.en.txt,5688,32430
4vTJHUDB5ak,data/transcripts/4vTJHUDB5ak.en-orig.txt,5670,28678
KOBl2gMTsUI,data/transcripts_recovered_research/KOBl2gMTsUI.en.txt,5637,30602
jwT2IjDGov8,data/transcripts/jwT2IjDGov8.en.txt,5540,30520
otGmdJKC1mE,data/transcripts/otGmdJKC1mE.en-orig.txt,5487,30206
5R1yX_2iFbM,data/transcripts/5R1yX_2iFbM.txt,5371,29357
R-rwd5yGBr0,data/transcripts/R-rwd5yGBr0.txt,5363,25511
R_FsSuJXlk0,data/transcripts/R_FsSuJXlk0.en-orig.txt,5258,28775
eJ86TdGHuEA,data/transcripts_recovered_research/eJ86TdGHuEA.hi.txt,5243,26927
v9QMhGittCM,data/transcripts_recovered_research/v9QMhGittCM.hi.txt,5239,28076
smd0j-mQSMg,data/transcripts/smd0j-mQSMg.txt,5158,33894
O9jEWwVDnyc,data/transcripts_recovered_research/O9jEWwVDnyc.hi.txt,5136,24532
qAaqF8kgN4M,data/transcripts/qAaqF8kgN4M.txt,5124,25661
Ux0Cc9Gj5R8,data/transcripts/Ux0Cc9Gj5R8.en.txt,5120,29832
Ai75uMYMreQ,data/transcripts/Ai75uMYMreQ.en.txt,5093,27396
hlgCifQfPnk,data/transcripts_recovered_research/hlgCifQfPnk.hi.txt,5072,25145
K7YeE3zSQdE,data/transcripts_recovered_research/K7YeE3zSQdE.hi.txt,5048,23813
qbpqq7VB8ek,data/transcripts/qbpqq7VB8ek.txt,4923,22299
w_GjTWW5jPk,data/transcripts/w_GjTWW5jPk.txt,4854,25773
1kEjSd8i7Wc,data/transcripts/1kEjSd8i7Wc.en.txt,4848,27851
zJFk62RSVVY,data/transcripts_recovered_research/zJFk62RSVVY.hi.txt,4840,23997
lwld6izt6cA,data/transcripts_recovered_research/lwld6izt6cA.en.txt,4774,27061
EnaJ6CfZEco,data/transcripts_recovered_research/EnaJ6CfZEco.en.txt,4772,25829
q_0aUDl_DyU,data/transcripts/q_0aUDl_DyU.txt,4659,24399
t6B6jkuUHEo,data/transcripts_recovered_research/t6B6jkuUHEo.hi.txt,4620,23042
CifvyJWnZxQ,data/transcripts_recovered_research/CifvyJWnZxQ.en.txt,4565,25371
nvMRN2bf0zY,data/transcripts_recovered_research/nvMRN2bf0zY.en.txt,4538,25279
0xD29uC3Pow,data/transcripts/0xD29uC3Pow.en.txt,4530,26277
5RE5DlLU-4g,data/transcripts/5RE5DlLU-4g.txt,4511,24630
UnNImpebWA8,data/transcripts/UnNImpebWA8.en.txt,4473,24003
GJBWWrc5YSs,data/transcripts_recovered_research/GJBWWrc5YSs.hi.txt,4471,21124
Jp5n2uTR6oA,data/transcripts_recovered_research/Jp5n2uTR6oA.en.txt,4428,24061
u-ExPW6VGTE,data/transcripts_recovered_research/u-ExPW6VGTE.en.txt,4427,23696
w4CE-SMokQI,data/transcripts_recovered_research/w4CE-SMokQI.hi.txt,4378,21124
1qT4xNS0Ws8,data/transcripts/1qT4xNS0Ws8.en.txt,4254,22571
1NcXFB8lQmo,data/transcripts/1NcXFB8lQmo.en.txt,4239,23920
pVMoE6ISi0c,data/transcripts/pVMoE6ISi0c.txt,4217,23406
BdD0OyQyzEo,data/transcripts_recovered_research/BdD0OyQyzEo.hi.txt,4158,21574
y8aiwgZpzmo,data/transcripts/y8aiwgZpzmo.en.txt,4130,21373
LG4WlJNuAb0,data/transcripts_recovered_research/LG4WlJNuAb0.hi.txt,4046,19228
TVlLod9gHW8,data/transcripts/TVlLod9gHW8.en-orig.txt,4013,22232
e0WDBtTr7_o,data/transcripts_recovered_research/e0WDBtTr7_o.hi.txt,4001,19192
2088EJFs5fQ,data/transcripts_recovered_research/2088EJFs5fQ.en.txt,3991,21153
BrqZXHcffDA,data/transcripts_recovered_research/BrqZXHcffDA.en.txt,3981,22212
TLNnshDVRao,data/transcripts/TLNnshDVRao.en-orig.txt,3941,20619
OfHrOE6t1h0,data/transcripts_recovered_research/OfHrOE6t1h0.hi.txt,3923,20384
XRmDFoEIk8I,data/transcripts_recovered_research/XRmDFoEIk8I.hi.txt,3919,19743
VT5itSvfn5g,data/transcripts_recovered_research/VT5itSvfn5g.en.txt,3906,22802
Plf5Dg4BVsI,data/transcripts_recovered_research/Plf5Dg4BVsI.hi.txt,3852,18390
uWsNWorJLcM,data/transcripts_recovered_research/uWsNWorJLcM.hi.txt,3827,17768
ZQt8OSTmXj0,data/transcripts/ZQt8OSTmXj0.en-en.txt,3810,23737
Av5ib_XRKT4,data/transcripts_recovered_research/Av5ib_XRKT4.en.txt,3792,21652
RzYiFBi82dI,data/transcripts/RzYiFBi82dI.txt,3783,20931
pNDR2cHqdZ4,data/transcripts/pNDR2cHqdZ4.txt,3747,21043
y9yZYylDQ4I,data/transcripts/y9yZYylDQ4I.txt,3743,20083
6Ab0gUuhs4w,data/transcripts_recovered_research/6Ab0gUuhs4w.hi.txt,3725,17338
MkrFz5QRjOs,data/transcripts_recovered_research/MkrFz5QRjOs.en.txt,3684,19329
LAuhSmFz9rM,data/transcripts_recovered_research/LAuhSmFz9rM.en.txt,3647,19854
4HN--v2kpz0,data/transcripts_recovered_research/4HN--v2kpz0.hi.txt,3635,18911
X0f2R6H98BQ,data/transcripts_recovered_research/X0f2R6H98BQ.en.txt,3579,20666
n5TVO7Cyd9c,data/transcripts/n5TVO7Cyd9c.en.txt,3576,18634
9nob14yzO-g,data/transcripts_recovered_research/9nob14yzO-g.en.txt,3529,18733
N42eZHCExBo,data/transcripts/N42eZHCExBo.txt,3454,19405
6RcHuAr8s70,data/transcripts/6RcHuAr8s70.en.txt,3334,16781
3eKZF98ixLk,data/transcripts_recovered_research/3eKZF98ixLk.en.txt,3231,16648
SkT4ll953as,data/transcripts_recovered_research/SkT4ll953as.en.txt,3221,17597
WG4UmATp1Vs,data/transcripts_recovered_research/WG4UmATp1Vs.kn.txt,3198,20801
LQllvEizyM0,data/transcripts_recovered_research/LQllvEizyM0.hi.txt,3197,15714
JE-PiYfUWJA,data/transcripts/JE-PiYfUWJA.en.txt,3186,17046
VPJwv5iWDF4,data/transcripts_recovered_research/VPJwv5iWDF4.hi.txt,3162,15021
IwZQp9Yq1TI,data/transcripts_recovered_research/IwZQp9Yq1TI.en.txt,3136,17562
-8kiR-YOgsY,data/transcripts_recovered_research/-8kiR-YOgsY.en.txt,3103,17465
d5rD6w6zgpQ,data/transcripts/d5rD6w6zgpQ.en.txt,3071,17081
bnKWCuyZQy0,data/transcripts_recovered_research/bnKWCuyZQy0.en.txt,3063,16532
27RPeMZIi3Y,data/transcripts/27RPeMZIi3Y.en.txt,3039,15799
hZkdJw2n5G4,data/transcripts_recovered_research/hZkdJw2n5G4.hi.txt,3026,14702
g1H49l0pL98,data/transcripts/g1H49l0pL98.en.txt,3001,16446
BMr7gRg_LV8,data/transcripts_recovered_research/BMr7gRg_LV8.hi.txt,2980,15031
ywfhwx8ZDHo,data/transcripts/ywfhwx8ZDHo.en-orig.txt,2971,15860
8DeiE-23e38,data/transcripts_recovered_research/8DeiE-23e38.hi.txt,2953,14732
C2q4nkxolKI,data/transcripts/C2q4nkxolKI.en-orig.txt,2918,16067
V3M7z2b5Sx4,data/transcripts_recovered_research/V3M7z2b5Sx4.en.txt,2883,15831
KmhrleAYyIo,data/transcripts/KmhrleAYyIo.en.txt,2874,16094
Q1E2AbocGHs,data/transcripts_recovered_research/Q1E2AbocGHs.en.txt,2847,15359
-NUUwmholow,data/transcripts/-NUUwmholow.en.txt,2825,15064
GH5dXYEfG1s,data/transcripts/GH5dXYEfG1s.txt,2807,14661
Z6jMEMLRfXI,data/transcripts/Z6jMEMLRfXI.txt,2681,13342
acfiSv4S9aY,data/transcripts/acfiSv4S9aY.en.txt,2671,14438
0Uxhco6qwFo,data/transcripts_recovered_research/0Uxhco6qwFo.en.txt,2634,15263
mZsX9tw8FoI,data/transcripts_recovered_research/mZsX9tw8FoI.en.txt,2621,14600
T9W6XoM-x4A,data/transcripts_recovered_research/T9W6XoM-x4A.hi.txt,2610,13308
j-uKhBSLL48,data/transcripts_recovered_research/j-uKhBSLL48.en.txt,2584,14034
WrMB_KCXHPg,data/transcripts/WrMB_KCXHPg.txt,2577,15732
q5m6tMjcF8k,data/transcripts/q5m6tMjcF8k.en-orig.txt,2554,13830
-WmXnO98QYs,data/transcripts_recovered_research/-WmXnO98QYs.hi.txt,2534,13039
Kj0q3SRUM1A,data/transcripts/Kj0q3SRUM1A.en.txt,2533,15529
gNQyUal5xhQ,data/transcripts/gNQyUal5xhQ.txt,2523,13312
tHkW2akJLfY,data/transcripts_recovered_research/tHkW2akJLfY.en.txt,2500,13972
aQ3znaD0cCg,data/transcripts_recovered_research/aQ3znaD0cCg.en.txt,2459,13932
CV4QoG5Emxs,data/transcripts_recovered_research/CV4QoG5Emxs.en.txt,2442,12916
x-F7IDlG0f0,data/transcripts/x-F7IDlG0f0.txt,2430,12839
XoKsd-IwLpQ,data/transcripts_recovered_research/XoKsd-IwLpQ.en.txt,2351,13548
kq0zMkc1jQw,data/transcripts_recovered_research/kq0zMkc1jQw.hi.txt,2339,11449
cMqkFWlaguo,data/transcripts/cMqkFWlaguo.en.txt,2328,12497
FK9G5DEYQmc,data/transcripts/FK9G5DEYQmc.en.txt,2316,12038
V4QOUPfdhzk,data/transcripts/V4QOUPfdhzk.txt,2315,17584
dU0Y-ZTNYxo,data/transcripts_recovered_research/dU0Y-ZTNYxo.en.txt,2309,12519
qwRCjUBN3Ns,data/transcripts_recovered_research/qwRCjUBN3Ns.en.txt,2302,11648
NtXNYs1lPVU,data/transcripts/NtXNYs1lPVU.en.txt,2297,12587
qUipY3hkyuk,data/transcripts/qUipY3hkyuk.txt,2285,13238
G0yaF7rw928,data/transcripts/G0yaF7rw928.en-orig.txt,2276,12176
xvr75gbVs5A,data/transcripts/xvr75gbVs5A.en-orig.txt,2274,12151
tAYDAz0xctI,data/transcripts_recovered_research/tAYDAz0xctI.en.txt,2252,12774
2ZYvUAqRYcA,data/transcripts_recovered_research/2ZYvUAqRYcA.en.txt,2249,12895
t_zfJ5nLQv8,data/transcripts_recovered_research/t_zfJ5nLQv8.en.txt,2244,12562
F0LO7mfmlL8,data/transcripts/F0LO7mfmlL8.en-orig.txt,2168,10724
9hHDiazQrpU,data/transcripts/9hHDiazQrpU.en-orig.txt,2162,11419
lhw5-pJoPNk,data/transcripts/lhw5-pJoPNk.en.txt,2161,11941
AfsPHp8fmV8,data/transcripts/AfsPHp8fmV8.en.txt,2123,11450
OCyFGMOFKt8,data/transcripts_recovered_research/OCyFGMOFKt8.en.txt,2113,10957
Sa5HBmLwH00,data/transcripts/Sa5HBmLwH00.txt,2109,11403
lgr6pC8NZ7c,data/transcripts/lgr6pC8NZ7c.en-orig.txt,2064,12067
2t7ODAaZeFY,data/transcripts_recovered_research/2t7ODAaZeFY.en.txt,2027,11279
BorcTOHZ6-c,data/transcripts/BorcTOHZ6-c.en-orig.txt,2021,10880
bfagZf_1n-s,data/transcripts/bfagZf_1n-s.txt,2016,10673
gJk-AgfvS_4,data/transcripts/gJk-AgfvS_4.en.txt,2012,10628
yJmMYPRU_UI,data/transcripts/yJmMYPRU_UI.en-orig.txt,1989,11407
C12o2Cwl_u0,data/transcripts/C12o2Cwl_u0.en.txt,1984,9801
7ZaCm7PfUNs,data/transcripts/7ZaCm7PfUNs.en.txt,1978,10597
Ntf9bQiO1p0,data/transcripts/Ntf9bQiO1p0.en-orig.txt,1968,9970
q10D3JUegmE,data/transcripts/q10D3JUegmE.en-orig.txt,1964,10137
lRC3UxJF3ZM,data/transcripts_recovered_research/lRC3UxJF3ZM.hi.txt,1955,9280
lKQ3WGLDBjQ,data/transcripts_recovered_research/lKQ3WGLDBjQ.hi.txt,1922,8847
5oS0wVx9KAw,data/transcripts_recovered_research/5oS0wVx9KAw.en.txt,1917,8797
pBvrz1E2oXg,data/transcripts_recovered_research/pBvrz1E2oXg.en.txt,1916,10634
B7XpkH6pzlg,data/transcripts_recovered_research/B7XpkH6pzlg.en.txt,1906,10942
bUbKvHgR9sc,data/transcripts_recovered_research/bUbKvHgR9sc.hi.txt,1905,9215
s3XjI9qlOCY,data/transcripts_recovered_research/s3XjI9qlOCY.en.txt,1896,10595
YdBlP7DlYek,data/transcripts/YdBlP7DlYek.en-orig.txt,1882,10412
K250wjFz26w,data/transcripts/K250wjFz26w.en.txt,1871,10023
h8Kn1BcuLjE,data/transcripts/h8Kn1BcuLjE.en.txt,1871,9232
t-mknfY6GIY,data/transcripts_recovered_research/t-mknfY6GIY.hi.txt,1871,8625
ODuBxm5P1FQ,data/transcripts_recovered_research/ODuBxm5P1FQ.hi.txt,1855,8007
Ltpr7aSX6Cs,data/transcripts_recovered_research/Ltpr7aSX6Cs.hi.txt,1853,9089
loEP6SecmHE,data/transcripts_recovered_research/loEP6SecmHE.en.txt,1850,10156
8c5XwUaJ5ZE,data/transcripts_recovered_research/8c5XwUaJ5ZE.hi.txt,1841,9307
gk7YtCg32HA,data/transcripts/gk7YtCg32HA.txt,1835,10429
n1F9VmD1gmg,data/transcripts_recovered_research/n1F9VmD1gmg.en.txt,1832,9257
4le2T-Ww-Iw,data/transcripts/4le2T-Ww-Iw.en.txt,1808,9883
cipmQDkJWRk,data/transcripts_recovered_research/cipmQDkJWRk.en.txt,1800,10348
ywL_5NITNeY,data/transcripts/ywL_5NITNeY.en.txt,1791,9072
Iwuib4fD6dM,data/transcripts_recovered_research/Iwuib4fD6dM.en.txt,1778,10368
JDIUb3h1b7E,data/transcripts/JDIUb3h1b7E.txt,1776,9944
HRjstAj88dI,data/transcripts/HRjstAj88dI.txt,1765,7138
BoW7txckm88,data/transcripts/BoW7txckm88.en.txt,1749,9299
CusuNrovDJc,data/transcripts_recovered_research/CusuNrovDJc.en-IN.txt,1699,10185
vQ7ZvPghdy8,data/transcripts/vQ7ZvPghdy8.en.txt,1684,9178
US9UELGrkWE,data/transcripts_recovered_research/US9UELGrkWE.en.txt,1673,9506
mopEtlHBDw8,data/transcripts_recovered_research/mopEtlHBDw8.en.txt,1669,8871
tlQFariES-I,data/transcripts_recovered_research/tlQFariES-I.hi.txt,1663,7875
U8tPNIJgIdk,data/transcripts_recovered_research/U8tPNIJgIdk.es.txt,1660,9551
aJouQlY2EXA,data/transcripts/aJouQlY2EXA.en-orig.txt,1642,8996
tc80x4xIlHA,data/transcripts_recovered_research/tc80x4xIlHA.en.txt,1620,9149
J2Y1TJwWKyM,data/transcripts_recovered_research/J2Y1TJwWKyM.en.txt,1614,8655
XgbnqeGbSoQ,data/transcripts_recovered_research/XgbnqeGbSoQ.en.txt,1609,8909
ZbicnLm4Upw,data/transcripts/ZbicnLm4Upw.txt,1605,8173
Qthn_19_aHM,data/transcripts/Qthn_19_aHM.en-orig.txt,1593,8236
l43cXcxA2Pk,data/transcripts/l43cXcxA2Pk.en-orig.txt,1584,8023
w9ifmlcu8eg,data/transcripts/w9ifmlcu8eg.txt,1572,8359
JOnY3xdokEc,data/transcripts_recovered_research/JOnY3xdokEc.hi.txt,1567,7534
7BJ-YJ6qcIo,data/transcripts_recovered_research/7BJ-YJ6qcIo.hi.txt,1547,7713
nKiZsVg8doE,data/transcripts_recovered_research/nKiZsVg8doE.en.txt,1546,8330
CD70KYY5YeQ,data/transcripts_recovered_research/CD70KYY5YeQ.hi.txt,1540,7516
RksEiQ09rGM,data/transcripts_recovered_research/RksEiQ09rGM.en.txt,1538,8931
C_xsXnRd_uc,data/transcripts/C_xsXnRd_uc.en-orig.txt,1532,8563
sMBMcZ9qC1c,data/transcripts_recovered_research/sMBMcZ9qC1c.hi.txt,1532,7426
uaT2AVAX42w,data/transcripts_recovered_research/uaT2AVAX42w.en.txt,1525,8411
AI0sgLI46MQ,data/transcripts_recovered_research/AI0sgLI46MQ.en.txt,1524,8101
KASKJeYSE20,data/transcripts_recovered_research/KASKJeYSE20.hi.txt,1523,7192
M7AavH3OLhE,data/transcripts/M7AavH3OLhE.en-orig.txt,1503,8335
bPeRBLQeSDw,data/transcripts/bPeRBLQeSDw.txt,1494,6693
M2NAu29ZxYc,data/transcripts/M2NAu29ZxYc.en.txt,1493,8201
68c5t5qGytY,data/transcripts/68c5t5qGytY.en.txt,1492,7514
woDftJ5-_hk,data/transcripts_recovered_research/woDftJ5-_hk.en.txt,1486,8104
cyUhWpbpho8,data/transcripts/cyUhWpbpho8.en.txt,1475,7420
PZqkX1mJ7qk,data/transcripts/PZqkX1mJ7qk.txt,1466,9024
yZ9hNDlqwjU,data/transcripts_recovered_research/yZ9hNDlqwjU.en.txt,1461,7894
5N24-_8xXQo,data/transcripts_recovered_research/5N24-_8xXQo.en.txt,1454,7776
JK2y_SfHdf8,data/transcripts_recovered_research/JK2y_SfHdf8.hi.txt,1450,7063
MoW2xNKtVew,data/transcripts/MoW2xNKtVew.en-orig.txt,1426,7655
JufwIJc5aSY,data/transcripts_recovered_research/JufwIJc5aSY.en.txt,1405,7415
wXO2eKyoSPA,data/transcripts_recovered_research/wXO2eKyoSPA.en.txt,1401,7847
jq3XAReBLtQ,data/transcripts_recovered_research/jq3XAReBLtQ.en.txt,1381,7600
ocuerNUWTaM,data/transcripts_recovered_research/ocuerNUWTaM.en.txt,1377,7621
qaEJuCjQyy0,data/transcripts/qaEJuCjQyy0.en.txt,1373,7703
3RIrHb19anM,data/transcripts/3RIrHb19anM.en-orig.txt,1365,7242
iqFu1awvhws,data/transcripts/iqFu1awvhws.en-orig.txt,1362,7390
6YPmSaTu468,data/transcripts_recovered_research/6YPmSaTu468.en.txt,1359,7517
WAD8Wao5gQw,data/transcripts_recovered_research/WAD8Wao5gQw.en.txt,1339,7112
QuGLcWPyvRQ,data/transcripts_recovered_research/QuGLcWPyvRQ.en.txt,1332,8694
Zfeh1FUs-Ho,data/transcripts/Zfeh1FUs-Ho.en.txt,1331,7665
UdP_gGiIWq0,data/transcripts_recovered_research/UdP_gGiIWq0.en.txt,1317,7370
cphIHGmikOs,data/transcripts_recovered_research/cphIHGmikOs.hi.txt,1316,6835
eZHXGH0ZrSo,data/transcripts/eZHXGH0ZrSo.txt,1313,6805
umFpN_DcmMQ,data/transcripts/umFpN_DcmMQ.txt,1308,7629
uoq-XklrKTY,data/transcripts/uoq-XklrKTY.txt,1305,7188
z0xjLB12GYY,data/transcripts_recovered_research/z0xjLB12GYY.en.txt,1301,8038
ckQIyUR-YYQ,data/transcripts_recovered_research/ckQIyUR-YYQ.hi.txt,1292,6407
piaIDE9_72U,data/transcripts_recovered_research/piaIDE9_72U.hi.txt,1276,5986
og_Xqy_IHpY,data/transcripts_recovered_research/og_Xqy_IHpY.en.txt,1274,6888
puFOuS2sk9w,data/transcripts_recovered_research/puFOuS2sk9w.hi.txt,1258,5863
TMmlL9bXdg0,data/transcripts/TMmlL9bXdg0.en.txt,1251,6737
Xr6ZOn6Xd7E,data/transcripts_recovered_research/Xr6ZOn6Xd7E.hi.txt,1240,5787
8M2mJTSxnWM,data/transcripts/8M2mJTSxnWM.en-orig.txt,1239,6982
tjT9Sq7MOz0,data/transcripts_recovered_research/tjT9Sq7MOz0.en.txt,1235,6461
S37f0y5QLHg,data/transcripts/S37f0y5QLHg.en.txt,1235,6568
pW_P1E4g3v8,data/transcripts/pW_P1E4g3v8.en-orig.txt,1235,7432
GO0RorA2xWY,data/transcripts/GO0RorA2xWY.en.txt,1227,6378
xm0_KOSNLTY,data/transcripts_recovered_research/xm0_KOSNLTY.en.txt,1220,6210
XKe8oiQDR68,data/transcripts_recovered_research/XKe8oiQDR68.hi.txt,1218,6666
dN7-tXsrjYk,data/transcripts_recovered_research/dN7-tXsrjYk.en.txt,1217,7434
V33bIkpFR1A,data/transcripts_recovered_research/V33bIkpFR1A.en.txt,1203,7310
ZEzs6A3wiW0,data/transcripts/ZEzs6A3wiW0.txt,1198,6528
xm28ewV7S9w,data/transcripts_recovered_research/xm28ewV7S9w.en.txt,1176,6314
Fh9yAIUNZ6M,data/transcripts/Fh9yAIUNZ6M.en.txt,1163,6279
fhbbwc5Q74I,data/transcripts/fhbbwc5Q74I.en.txt,1158,6386
Rf2sERzU0Lo,data/transcripts/Rf2sERzU0Lo.en-orig.txt,1154,6672
FQCb-9Df0uQ,data/transcripts/FQCb-9Df0uQ.txt,1151,6879
20Fn-9Yrf6Y,data/transcripts_recovered_research/20Fn-9Yrf6Y.hi.txt,1143,5360
EnuEIlD82nM,data/transcripts_recovered_research/EnuEIlD82nM.en.txt,1134,6382
9pXNA3VXUF8,data/transcripts_recovered_research/9pXNA3VXUF8.hi.txt,1132,5947
BeTI0dWMf1g,data/transcripts/BeTI0dWMf1g.en-orig.txt,1131,6114
6z4gFHnMa2Q,data/transcripts/6z4gFHnMa2Q.en.txt,1122,6319
ZKbE0otIDaE,data/transcripts_recovered_research/ZKbE0otIDaE.en.txt,1115,5895
pORdexOKJ7E,data/transcripts_recovered_research/pORdexOKJ7E.en.txt,1115,6235
JpMUar8mh48,data/transcripts/JpMUar8mh48.en.txt,1102,6144
uTg5Hj67MsI,data/transcripts_recovered_research/uTg5Hj67MsI.en.txt,1102,7083
qZGQBgF5Uhk,data/transcripts_recovered_research/qZGQBgF5Uhk.en.txt,1101,6034
DQG9Bcq3Sgs,data/transcripts_recovered_research/DQG9Bcq3Sgs.en.txt,1098,5955
Jn-uO_LUG54,data/transcripts/Jn-uO_LUG54.en-orig.txt,1094,6831
nma3F37U1iw,data/transcripts/nma3F37U1iw.en.txt,1088,5715
tWoy_ZYtB40,data/transcripts/tWoy_ZYtB40.en-orig.txt,1085,5556
R_PIwm_WHeQ,data/transcripts/R_PIwm_WHeQ.en.txt,1083,6057
6WjueVfA_i8,data/transcripts_recovered_research/6WjueVfA_i8.hi.txt,1080,5486
rwqxnCbrMsI,data/transcripts/rwqxnCbrMsI.en.txt,1080,5672
zdIgtTxEzv8,data/transcripts_recovered_research/zdIgtTxEzv8.en.txt,1079,6047
monxOtArSdE,data/transcripts_recovered_research/monxOtArSdE.en.txt,1067,5878
IWvpnj7A008,data/transcripts_recovered_research/IWvpnj7A008.en.txt,1057,5534
BMJ42xw7IC8,data/transcripts/BMJ42xw7IC8.en-orig.txt,1053,5469
RU5dR1NyP8s,data/transcripts_recovered_research/RU5dR1NyP8s.en.txt,1050,5653
Hxjvyc8FGDU,data/transcripts/Hxjvyc8FGDU.en.txt,1046,5948
BSiBZtjXDb0,data/transcripts_recovered_research/BSiBZtjXDb0.en.txt,1044,5779
aFcZReES734,data/transcripts/aFcZReES734.en.txt,1042,6346
Q0WsIBmog1I,data/transcripts/Q0WsIBmog1I.en-orig.txt,1034,5405
kD5FRSTMquw,data/transcripts/kD5FRSTMquw.en-orig.txt,1032,5178
NpaZzoUxA7Q,data/transcripts_recovered_research/NpaZzoUxA7Q.en.txt,1030,5320
OUvg2rnnn-M,data/transcripts/OUvg2rnnn-M.txt,1022,5430
30unmx881Ag,data/transcripts_recovered_research/30unmx881Ag.hi.txt,1012,4789
vTy3n0WNsKw,data/transcripts/vTy3n0WNsKw.txt,1007,4778
KdvIc1OCv8A,data/transcripts/KdvIc1OCv8A.txt,1003,4913
GREtxk36fQ8,data/transcripts_recovered_research/GREtxk36fQ8.en.txt,993,5305
G02TTum6JT8,data/transcripts/G02TTum6JT8.en-orig.txt,989,4819
-cS3YaCShng,data/transcripts/-cS3YaCShng.en-orig.txt,988,5425
LmgN-lRJ3TA,data/transcripts_recovered_research/LmgN-lRJ3TA.en.txt,986,5183
wtEaDOwgC_4,data/transcripts/wtEaDOwgC_4.txt,982,5537
7F4ICws26p4,data/transcripts/7F4ICws26p4.txt,982,4577
-qBsODoJEPU,data/transcripts_recovered_research/-qBsODoJEPU.hi.txt,980,4812
kw4G_lFolN8,data/transcripts_recovered_research/kw4G_lFolN8.hi.txt,968,5432
N_c9BgiN46Q,data/transcripts_recovered_research/N_c9BgiN46Q.en.txt,962,5193
ZO0yj8NEb4g,data/transcripts/ZO0yj8NEb4g.txt,959,4458
WXuj8s3xYo8,data/transcripts/WXuj8s3xYo8.en.txt,958,5563
HcbG1q7iL8I,data/transcripts_recovered_research/HcbG1q7iL8I.en.txt,950,5194
y2PQPmXPlzI,data/transcripts_recovered_research/y2PQPmXPlzI.en.txt,946,5376
v9gRLeQwbq0,data/transcripts/v9gRLeQwbq0.en-orig.txt,944,5148
F8r2xYzf6Z0,data/transcripts_recovered_research/F8r2xYzf6Z0.en.txt,936,5158
H8839nIXsog,data/transcripts_recovered_research/H8839nIXsog.en.txt,932,5458
3cea1qcbIIs,data/transcripts/3cea1qcbIIs.txt,930,5312
N9ZnuWKaVGc,data/transcripts_recovered_research/N9ZnuWKaVGc.en.txt,922,5155
Raa-U-y4920,data/transcripts/Raa-U-y4920.en.txt,911,4402
Us69_36cjg0,data/transcripts_recovered_research/Us69_36cjg0.hi.txt,905,4282
V-f6lHtjtKo,data/transcripts/V-f6lHtjtKo.en.txt,904,4820
qk_bP48As5w,data/transcripts/qk_bP48As5w.en.txt,882,4707
YjFYaNyfq4Y,data/transcripts/YjFYaNyfq4Y.en.txt,878,5041
3LxK-TiifzQ,data/transcripts_recovered_research/3LxK-TiifzQ.en.txt,871,5073
EXqpq6rrAjE,data/transcripts_recovered_research/EXqpq6rrAjE.hi.txt,866,4930
QLXIv_0bvEw,data/transcripts_recovered_research/QLXIv_0bvEw.en.txt,865,5053
r-rr9x4b3SU,data/transcripts/r-rr9x4b3SU.en-orig.txt,865,4582
9SZFSBW5MDk,data/transcripts_recovered_research/9SZFSBW5MDk.en.txt,863,4905
P0poLjDMKwQ,data/transcripts/P0poLjDMKwQ.en.txt,863,5087
Z09qEkLoVeo,data/transcripts_recovered_research/Z09qEkLoVeo.hi.txt,858,4142
zSBRpLsXGmg,data/transcripts/zSBRpLsXGmg.en.txt,845,4457
MADy-oiozFw,data/transcripts_recovered_research/MADy-oiozFw.en.txt,845,4072
AP5wdQ1tADE,data/transcripts/AP5wdQ1tADE.en.txt,843,4490
O9cJozJBK_w,data/transcripts/O9cJozJBK_w.txt,843,3874
Zw9gOSluAgs,data/transcripts/Zw9gOSluAgs.en-orig.txt,814,4318
aJcRd6zIqUw,data/transcripts/aJcRd6zIqUw.txt,804,4350
6M0tonInnPo,data/transcripts_recovered_research/6M0tonInnPo.bn.txt,796,4480
lk-cywvWusY,data/transcripts/lk-cywvWusY.en-orig.txt,795,4252
KS1lN6AJwCI,data/transcripts_recovered_research/KS1lN6AJwCI.hi.txt,786,3458
fe3HotuqUxA,data/transcripts/fe3HotuqUxA.txt,785,3923
ohIQbrp5ifg,data/transcripts/ohIQbrp5ifg.en.txt,779,4411
CMdAwTulCNo,data/transcripts/CMdAwTulCNo.en.txt,778,4001
6LNRlqp86yM,data/transcripts_recovered_research/6LNRlqp86yM.en.txt,762,3935
Ug8OoFAFfZ0,data/transcripts/Ug8OoFAFfZ0.en.txt,758,4394
4g0kkebBowM,data/transcripts_recovered_research/4g0kkebBowM.hi.txt,754,3510
h7cDzRJTBqE,data/transcripts_recovered_research/h7cDzRJTBqE.hi.txt,752,3838
h0UrbyV3jUY,data/transcripts_recovered_research/h0UrbyV3jUY.en.txt,752,4227
0Of66fxq4FI,data/transcripts/0Of66fxq4FI.en.txt,742,5132
TpTRtaSEGrE,data/transcripts_recovered_research/TpTRtaSEGrE.en.txt,740,3886
BhNGBhCJ5EY,data/transcripts/BhNGBhCJ5EY.en-orig.txt,739,4142
w3oYX7jaC1w,data/transcripts/w3oYX7jaC1w.txt,733,3530
GL7r_NfckrM,data/transcripts_recovered_research/GL7r_NfckrM.en.txt,731,3963
HXhxVUNecmg,data/transcripts_recovered_research/HXhxVUNecmg.en.txt,721,4015
Mrhgz1yeBSg,data/transcripts/Mrhgz1yeBSg.txt,707,4313
IjxKPrNP3vQ,data/transcripts_recovered_research/IjxKPrNP3vQ.es.txt,689,4027
fi98oUBFJv0,data/transcripts/fi98oUBFJv0.en-orig.txt,687,3748
LlsAx-TaQw4,data/transcripts_recovered_research/LlsAx-TaQw4.en.txt,687,3663
44PPtRBjkuE,data/transcripts_recovered_research/44PPtRBjkuE.hi.txt,687,3375
7Va1b0AOSsg,data/transcripts_recovered_research/7Va1b0AOSsg.en.txt,686,3918
Qq0eWeCLcpg,data/transcripts_recovered_research/Qq0eWeCLcpg.en.txt,681,3621
FM7tEqDSAIo,data/transcripts/FM7tEqDSAIo.en.txt,677,3815
6tCRnISpRVo,data/transcripts/6tCRnISpRVo.en.txt,673,3608
DrEBOB3mAWI,data/transcripts_recovered_research/DrEBOB3mAWI.hi.txt,672,3155
yNQaVDeRj0c,data/transcripts_recovered_research/yNQaVDeRj0c.hi.txt,672,3070
uQEn4vwwLYg,data/transcripts_recovered_research/uQEn4vwwLYg.en.txt,672,3382
TW1jRrO1ob0,data/transcripts/TW1jRrO1ob0.en.txt,665,3626
o7k5hYchTrg,data/transcripts/o7k5hYchTrg.en-orig.txt,661,3383
i4msUSBffpU,data/transcripts_recovered_research/i4msUSBffpU.hi.txt,660,3045
cpePPqa-iYw,data/transcripts/cpePPqa-iYw.en-orig.txt,660,3459
VR0brYQrBTA,data/transcripts/VR0brYQrBTA.txt,660,3559
O3UzA-ItA0k,data/transcripts_recovered_research/O3UzA-ItA0k.hi.txt,657,4073
S0b_R9YBaEE,data/transcripts/S0b_R9YBaEE.txt,656,3493
tqbPqSzob_I,data/transcripts_recovered_research/tqbPqSzob_I.en.txt,652,3698
hnOJOa6X-tI,data/transcripts/hnOJOa6X-tI.txt,650,3322
l9DWNZ0T4Dg,data/transcripts_recovered_research/l9DWNZ0T4Dg.en.txt,645,3531
dLYgy46XqCA,data/transcripts/dLYgy46XqCA.txt,644,3787
clhT4OwJ_SQ,data/transcripts_recovered_research/clhT4OwJ_SQ.hi.txt,640,3143
7e85JPQaWCw,data/transcripts_recovered_research/7e85JPQaWCw.en.txt,639,3497
Ypwn-vB5jvw,data/transcripts_recovered_research/Ypwn-vB5jvw.hi.txt,638,3262
bYf5oUBqcvs,data/transcripts_recovered_research/bYf5oUBqcvs.hi.txt,636,3126
-fA6BrCVZZA,data/transcripts/-fA6BrCVZZA.txt,634,3456
O7KtXWEzXCQ,data/transcripts/O7KtXWEzXCQ.txt,624,3743
sHqUVG00auM,data/transcripts_recovered_research/sHqUVG00auM.en.txt,624,3319
hFpm0Q6hFTc,data/transcripts_recovered_research/hFpm0Q6hFTc.en-GB.txt,620,3444
pODBBQE637I,data/transcripts/pODBBQE637I.txt,617,3548
B4HPUbJPbYE,data/transcripts/B4HPUbJPbYE.txt,612,3574
I62oIzQdeqY,data/transcripts/I62oIzQdeqY.txt,612,3272
xhdR-Cmk31E,data/transcripts/xhdR-Cmk31E.en.txt,608,3488
Cw5sivofRbw,data/transcripts_recovered_research/Cw5sivofRbw.en.txt,607,3337
DVsSBfS34Fk,data/transcripts_recovered_research/DVsSBfS34Fk.en.txt,604,3515
AfghupHyo3A,data/transcripts/AfghupHyo3A.txt,599,3231
RoH7XBJqEdI,data/transcripts/RoH7XBJqEdI.en-orig.txt,598,3530
wOB5cUaunT8,data/transcripts_recovered_research/wOB5cUaunT8.hi.txt,598,2823
f0l1TH8N3fQ,data/transcripts_recovered_research/f0l1TH8N3fQ.en.txt,597,3540
5MVOvOpQYOw,data/transcripts_recovered_research/5MVOvOpQYOw.en.txt,593,3443
6qYYbjmn6LM,data/transcripts_recovered_research/6qYYbjmn6LM.hi.txt,591,3084
U7uJI2m-W1Q,data/transcripts_recovered_research/U7uJI2m-W1Q.en.txt,586,3223
Uj7KlwPMsKU,data/transcripts/Uj7KlwPMsKU.en-orig.txt,584,3410
O8cNxp5PqKs,data/transcripts_recovered_research/O8cNxp5PqKs.en.txt,583,3547
0QWti9FMcgs,data/transcripts/0QWti9FMcgs.en-orig.txt,577,3166
I0ahh_fiPVo,data/transcripts_recovered_research/I0ahh_fiPVo.hi.txt,577,2793
zpbGQYHV3Gc,data/transcripts/zpbGQYHV3Gc.en.txt,574,3224
Z8ASYVjkEOg,data/transcripts/Z8ASYVjkEOg.en-orig.txt,572,3072
UV-kfLDCDHE,data/transcripts/UV-kfLDCDHE.en.txt,570,2827
dsbK-YLLB-U,data/transcripts_recovered_research/dsbK-YLLB-U.hi.txt,569,3171
O8YH7Hn5k4Y,data/transcripts_recovered_research/O8YH7Hn5k4Y.en.txt,568,3174
bj1jqaSsXvM,data/transcripts_recovered_research/bj1jqaSsXvM.en.txt,562,3492
QX3gSDoLjqM,data/transcripts/QX3gSDoLjqM.en.txt,557,3058
nz5ureft4mQ,data/transcripts/nz5ureft4mQ.txt,551,3017
kMvjE4XbbSU,data/transcripts_recovered_research/kMvjE4XbbSU.en.txt,549,3100
DjuOaweshUs,data/transcripts_recovered_research/DjuOaweshUs.es.txt,548,3138
LO6uqfl4Dec,data/transcripts_recovered_research/LO6uqfl4Dec.en.txt,542,3420
VLf_UT-d_Ao,data/transcripts_recovered_research/VLf_UT-d_Ao.en.txt,534,3233
5HxJ-DOJGV0,data/transcripts_recovered_research/5HxJ-DOJGV0.hi.txt,532,2343
7v0PIHCXlUU,data/transcripts_recovered_research/7v0PIHCXlUU.hi.txt,515,2450
dPGr8P5zcsE,data/transcripts/dPGr8P5zcsE.en.txt,512,2768
TcUzZ4fVtG4,data/transcripts/TcUzZ4fVtG4.en-orig.txt,509,2994
VzBqEC3qk3Q,data/transcripts_recovered_research/VzBqEC3qk3Q.en.txt,507,2786
kT4s6iZ6mJI,data/transcripts_recovered_research/kT4s6iZ6mJI.nl.txt,507,2707
Nx5f0OZT3Fo,data/transcripts/Nx5f0OZT3Fo.en-orig.txt,506,3089
n2iIQ7PTTXc,data/transcripts/n2iIQ7PTTXc.en.txt,505,3009
lFzm6nIcyoE,data/transcripts_recovered_research/lFzm6nIcyoE.hi.txt,504,2534
_Yw5vdlCb84,data/transcripts_recovered_research/_Yw5vdlCb84.en.txt,502,2730
OghYPFzSChg,data/transcripts_recovered_research/OghYPFzSChg.en.txt,501,2903
9H9dwtG_Ing,data/transcripts_recovered_research/9H9dwtG_Ing.de.txt,499,3175
3Q-SJNzS6Mg,data/transcripts/3Q-SJNzS6Mg.en.txt,495,2877
qMOqrQLJch4,data/transcripts_recovered_research/qMOqrQLJch4.en.txt,495,2975
TaMHJzT5GD8,data/transcripts_recovered_research/TaMHJzT5GD8.en.txt,493,2889
pVpQ0sMPXvs,data/transcripts/pVpQ0sMPXvs.en-orig.txt,492,2443
KzFoO6bxtpU,data/transcripts_recovered_research/KzFoO6bxtpU.en.txt,490,2660
32R2UVxQux4,data/transcripts/32R2UVxQux4.en.txt,490,2746
NRFwGkALO7A,data/transcripts/NRFwGkALO7A.txt,488,2452
FB543E0MSXQ,data/transcripts_recovered_research/FB543E0MSXQ.en.txt,482,2706
2JVFSCquwZo,data/transcripts/2JVFSCquwZo.txt,480,2240
Xr7UpJjARrQ,data/transcripts_recovered_research/Xr7UpJjARrQ.en.txt,472,2811
E18p25T9pB0,data/transcripts/E18p25T9pB0.en.txt,471,2329
9R5j7aIbpq0,data/transcripts_recovered_research/9R5j7aIbpq0.hi.txt,468,2497
02u0sbxZMuE,data/transcripts_recovered_research/02u0sbxZMuE.en.txt,468,2585
ewA_8ffCVds,data/transcripts/ewA_8ffCVds.txt,467,2593
EeWUKcI5ErU,data/transcripts_recovered_research/EeWUKcI5ErU.hi.txt,465,2312
G26RqtF4sm8,data/transcripts_recovered_research/G26RqtF4sm8.ko.txt,465,1696
4Tq_Q3NBE7w,data/transcripts_recovered_research/4Tq_Q3NBE7w.hi.txt,461,2237
GX-LX1BQJ-M,data/transcripts/GX-LX1BQJ-M.en.txt,460,2361
A1WY2qjlVZY,data/transcripts/A1WY2qjlVZY.txt,459,2069
n8N-RQgMXmM,data/transcripts_recovered_research/n8N-RQgMXmM.en.txt,456,2590
ekzlBsSR8RU,data/transcripts_recovered_research/ekzlBsSR8RU.hi.txt,455,2169
zqsQ3SLkbgU,data/transcripts_recovered_research/zqsQ3SLkbgU.hi.txt,455,2246
RNCyEuseurI,data/transcripts_recovered_research/RNCyEuseurI.en.txt,451,2523
-1eIiYUBnNY,data/transcripts/-1eIiYUBnNY.en.txt,447,2404
u1JgC4ZjEJc,data/transcripts_recovered_research/u1JgC4ZjEJc.en.txt,441,2533
6knnQMr_FPg,data/transcripts_recovered_research/6knnQMr_FPg.en.txt,441,2059
PNymhlAUL1M,data/transcripts/PNymhlAUL1M.txt,439,2584
z98ZKHcuhlc,data/transcripts/z98ZKHcuhlc.en-orig.txt,437,2429
e81UHZM44vU,data/transcripts_recovered_research/e81UHZM44vU.en.txt,437,2492
jMKJYZDqTks,data/transcripts_recovered_research/jMKJYZDqTks.en.txt,436,2463
dzFhf3u6hFQ,data/transcripts/dzFhf3u6hFQ.en-orig.txt,436,2494
NJBogtJh9T0,data/transcripts/NJBogtJh9T0.txt,436,1139
CloGwxFDcs4,data/transcripts/CloGwxFDcs4.en.txt,435,2465
z-bhOiKg45o,data/transcripts/z-bhOiKg45o.en.txt,434,2585
zgUnmoFOTts,data/transcripts_recovered_research/zgUnmoFOTts.hi.txt,434,2011
NRukKF7Or1o,data/transcripts_recovered_research/NRukKF7Or1o.hi.txt,433,2165
Ayk9aXo54hk,data/transcripts_recovered_research/Ayk9aXo54hk.en.txt,433,2645
RjDLpbR-mWM,data/transcripts/RjDLpbR-mWM.en.txt,431,2588
-NghXPxXi-M,data/transcripts_recovered_research/-NghXPxXi-M.en.txt,431,2436
FKM4aOluMsI,data/transcripts_recovered_research/FKM4aOluMsI.en.txt,429,2499
4HdETZiiTyA,data/transcripts_recovered_research/4HdETZiiTyA.en.txt,428,2384
_XD1y8gB5uw,data/transcripts_recovered_research/_XD1y8gB5uw.en.txt,427,2329
uQxvgH4oTTI,data/transcripts_recovered_research/uQxvgH4oTTI.en.txt,427,2642
NQkMW-u_Yqw,data/transcripts_recovered_research/NQkMW-u_Yqw.en.txt,426,2451
pw7b_iHlpJ8,data/transcripts/pw7b_iHlpJ8.en-orig.txt,425,2285
Cg_MlYk1wFs,data/transcripts_recovered_research/Cg_MlYk1wFs.en.txt,424,2609
PfkCT5wiyE8,data/transcripts_recovered_research/PfkCT5wiyE8.en.txt,422,2442
QBuUEdQ3r_c,data/transcripts_recovered_research/QBuUEdQ3r_c.hi.txt,421,2045
71f-qB4FG2o,data/transcripts/71f-qB4FG2o.txt,419,2590
hg6HLBWpbcM,data/transcripts_recovered_research/hg6HLBWpbcM.en.txt,418,1813
PuUFl4VchH8,data/transcripts_recovered_research/PuUFl4VchH8.hi.txt,417,2052
sqhAuIa5PB4,data/transcripts_recovered_research/sqhAuIa5PB4.en.txt,414,2391
fRuY9gdDD3c,data/transcripts_recovered_research/fRuY9gdDD3c.en.txt,414,2465
bq_vX0Uz9SA,data/transcripts/bq_vX0Uz9SA.en.txt,406,2479
YqBK6R_wCTs,data/transcripts_recovered_research/YqBK6R_wCTs.en.txt,403,2236
rUuJE4YEVMw,data/transcripts_recovered_research/rUuJE4YEVMw.hi.txt,402,1950
aoIxsKGu69I,data/transcripts_recovered_research/aoIxsKGu69I.en.txt,401,2407
oYLY4KyNukI,data/transcripts_recovered_research/oYLY4KyNukI.en.txt,399,2334
lO7RbqPwyz4,data/transcripts_recovered_research/lO7RbqPwyz4.hi.txt,396,2055
Y69md6XRncU,data/transcripts_recovered_research/Y69md6XRncU.hi.txt,395,1754
CDRLQqlYefc,data/transcripts_recovered_research/CDRLQqlYefc.ru.txt,393,2642
qGQ-TvsT9pk,data/transcripts_recovered_research/qGQ-TvsT9pk.en.txt,391,2375
T3LV5yAJpqY,data/transcripts_recovered_research/T3LV5yAJpqY.en.txt,389,2647
CX6ZvR2TJmM,data/transcripts/CX6ZvR2TJmM.en.txt,386,2033
-DrjPSadlrw,data/transcripts_recovered_research/-DrjPSadlrw.hi.txt,386,2095
hEvQgTEe5eY,data/transcripts_recovered_research/hEvQgTEe5eY.en.txt,380,2345
95kRvXxYhu0,data/transcripts_recovered_research/95kRvXxYhu0.en.txt,376,2008
3u156-yCTbU,data/transcripts/3u156-yCTbU.en.txt,373,1963
EXXlWnxEG48,data/transcripts/EXXlWnxEG48.en.txt,369,1852
ICZ5cKz14uw,data/transcripts_recovered_research/ICZ5cKz14uw.hi.txt,368,1644
BfmTN-RJ9so,data/transcripts_recovered_research/BfmTN-RJ9so.en.txt,368,2039
JQrbuY71kpM,data/transcripts/JQrbuY71kpM.txt,367,1902
DbDjQLqC8zs,data/transcripts/DbDjQLqC8zs.en.txt,366,1940
PD8oFGFK-5w,data/transcripts/PD8oFGFK-5w.en.txt,363,1751
yP__PsrX80A,data/transcripts/yP__PsrX80A.en-orig.txt,361,2005
w-ujgTZTT5Q,data/transcripts_recovered_research/w-ujgTZTT5Q.hi.txt,356,2049
pSjXJBEdLhQ,data/transcripts_recovered_research/pSjXJBEdLhQ.en.txt,354,2052
jKJWQkQWlTI,data/transcripts_recovered_research/jKJWQkQWlTI.hi.txt,352,1610
uddfLWI0nRY,data/transcripts_recovered_research/uddfLWI0nRY.hi.txt,351,1809
tNjjAkVRo7o,data/transcripts_recovered_research/tNjjAkVRo7o.en.txt,350,1865
8gF-MEQlYCM,data/transcripts/8gF-MEQlYCM.en-orig.txt,345,1889
tjtwW0zGwBU,data/transcripts_recovered_research/tjtwW0zGwBU.hi.txt,344,1622
C1KafektaEc,data/transcripts_recovered_research/C1KafektaEc.en.txt,344,2101
lUr2dWL-2sg,data/transcripts/lUr2dWL-2sg.en.txt,342,2080
dIiWtTgIfvI,data/transcripts/dIiWtTgIfvI.txt,341,2053
XaQqwIuvDnM,data/transcripts/XaQqwIuvDnM.en.txt,340,1853
qBcyeYP6snc,data/transcripts_recovered_research/qBcyeYP6snc.en.txt,338,2007
VuvYdsYQnH4,data/transcripts/VuvYdsYQnH4.txt,336,2008
KgTyB6UNeUM,data/transcripts_recovered_research/KgTyB6UNeUM.en.txt,336,1872
gQ03slMQ8ko,data/transcripts/gQ03slMQ8ko.en.txt,334,2243
lmSGD0I_Xao,data/transcripts_recovered_research/lmSGD0I_Xao.en.txt,332,1884
2oT23PVUDnA,data/transcripts/2oT23PVUDnA.en.txt,331,1926
-rR2AxYZD6c,data/transcripts/-rR2AxYZD6c.en-orig.txt,326,1973
quLNVEqK7sU,data/transcripts_recovered_research/quLNVEqK7sU.hi.txt,326,1727
4iCvX3DfXVc,data/transcripts_recovered_research/4iCvX3DfXVc.en.txt,326,1717
4cMhh-ZPxkU,data/transcripts_recovered_research/4cMhh-ZPxkU.ta.txt,325,2294
PbLy3_7DPs4,data/transcripts_recovered_research/PbLy3_7DPs4.en.txt,323,1825
OkVZA6fQ9Qw,data/transcripts_recovered_research/OkVZA6fQ9Qw.en.txt,322,1680
LcXwLEEJRzo,data/transcripts_recovered_research/LcXwLEEJRzo.hi.txt,321,1379
ALhIfbtNLcg,data/transcripts_recovered_research/ALhIfbtNLcg.en.txt,317,2025
Dq5nE-NDJxU,data/transcripts_recovered_research/Dq5nE-NDJxU.hi.txt,317,1401
cJEAK5Qks9U,data/transcripts_recovered_research/cJEAK5Qks9U.en.txt,317,1740
-ZxrdlQe_78,data/transcripts_recovered_research/-ZxrdlQe_78.en.txt,311,1749
r7xdgnDNlDM,data/transcripts_recovered_research/r7xdgnDNlDM.en.txt,310,1826
2n0QnHGn6K4,data/transcripts_recovered_research/2n0QnHGn6K4.en.txt,309,1573
ChUaYLwpGUg,data/transcripts/ChUaYLwpGUg.txt,307,1877
riuwPHJ92l4,data/transcripts/riuwPHJ92l4.txt,301,1464
WWvE-QGVmAM,data/transcripts_recovered_research/WWvE-QGVmAM.en.txt,297,1864
UVoznB0DW5k,data/transcripts_recovered_research/UVoznB0DW5k.en.txt,297,1615
vyuVgYsUY24,data/transcripts/vyuVgYsUY24.en-orig.txt,296,1639
-nhi-zvx3ms,data/transcripts/-nhi-zvx3ms.en-orig.txt,296,1586
fbpwpTzF-oY,data/transcripts_recovered_research/fbpwpTzF-oY.en.txt,294,1605
fZ269RBWrIg,data/transcripts_recovered_research/fZ269RBWrIg.hi.txt,292,1354
GjsCjBD6aaE,data/transcripts_recovered_research/GjsCjBD6aaE.en.txt,290,1699
ypMTDHZBmAs,data/transcripts/ypMTDHZBmAs.en.txt,290,1540
gmbXXidEAS8,data/transcripts_recovered_research/gmbXXidEAS8.en.txt,288,1660
euediogFLv4,data/transcripts_recovered_research/euediogFLv4.en.txt,287,1707
PlxXjJjsaKw,data/transcripts_recovered_research/PlxXjJjsaKw.en.txt,285,1612
vga8bkCMCEw,data/transcripts_recovered_research/vga8bkCMCEw.en.txt,285,1777
ulZk2QveRpk,data/transcripts/ulZk2QveRpk.en.txt,281,1510
ISu5u2-Q_Es,data/transcripts_recovered_research/ISu5u2-Q_Es.en.txt,280,1724
YnpWEXUA2WI,data/transcripts_recovered_research/YnpWEXUA2WI.en.txt,279,1515
K1dIyFTac3E,data/transcripts/K1dIyFTac3E.txt,278,1546
ekcmhzhKMoM,data/transcripts/ekcmhzhKMoM.en-orig.txt,276,1472
xlQHn5hSciM,data/transcripts_recovered_research/xlQHn5hSciM.hi.txt,275,1259
aM0kgKIz9UM,data/transcripts_recovered_research/aM0kgKIz9UM.hi.txt,274,1284
elZ98SR4PNM,data/transcripts_recovered_research/elZ98SR4PNM.en.txt,273,1485
lAzBdzQKjVw,data/transcripts_recovered_research/lAzBdzQKjVw.hi.txt,271,1318
rcSz2VMCCKU,data/transcripts/rcSz2VMCCKU.en.txt,269,1617
A6lSGejZsnA,data/transcripts/A6lSGejZsnA.txt,264,1422
C_zFb_au-B8,data/transcripts_recovered_research/C_zFb_au-B8.en.txt,264,1598
nO7_sRZY8FM,data/transcripts/nO7_sRZY8FM.en-orig.txt,264,1411
DrSUWq4R_Uw,data/transcripts_recovered_research/DrSUWq4R_Uw.hi.txt,264,1281
V4bK7BdAm-o,data/transcripts_recovered_research/V4bK7BdAm-o.en.txt,262,1495
GNkzC89EQ2I,data/transcripts_recovered_research/GNkzC89EQ2I.hi.txt,262,1267
uX6PURK-u3I,data/transcripts/uX6PURK-u3I.en.txt,261,1291
yO0OUE_6WLM,data/transcripts_recovered_research/yO0OUE_6WLM.hi.txt,261,1143
UZ8Er3yfWQQ,data/transcripts_recovered_research/UZ8Er3yfWQQ.en.txt,258,1469
dDGzam7WYEE,data/transcripts_recovered_research/dDGzam7WYEE.hi.txt,251,1278
HUKYhsVz0wg,data/transcripts_recovered_research/HUKYhsVz0wg.hi.txt,249,1202
38OJ5YUWgDE,data/transcripts_recovered_research/38OJ5YUWgDE.hi.txt,249,1109
d_PYT6CElGg,data/transcripts_recovered_research/d_PYT6CElGg.en.txt,249,1353
-pOwf3m8HBE,data/transcripts_recovered_research/-pOwf3m8HBE.en.txt,247,1388
6wCIFVLibfc,data/transcripts_recovered_research/6wCIFVLibfc.hi.txt,246,1183
ad8IrsK5oTc,data/transcripts/ad8IrsK5oTc.en.txt,244,1578
cU34euFNPN0,data/transcripts/cU34euFNPN0.en.txt,243,1328
acDFS8j7MCs,data/transcripts_recovered_research/acDFS8j7MCs.en.txt,242,1641
VWRLYm3qBI4,data/transcripts_recovered_research/VWRLYm3qBI4.en.txt,239,1399
wMBxhXhRgoQ,data/transcripts_recovered_research/wMBxhXhRgoQ.hi.txt,238,1155
FFItaOgVdPY,data/transcripts_recovered_research/FFItaOgVdPY.en.txt,238,1408
2e_pszlUvOs,data/transcripts_recovered_research/2e_pszlUvOs.hi.txt,236,1208
zHHHJqUBbqo,data/transcripts_recovered_research/zHHHJqUBbqo.en.txt,236,1355
wF2g2CklpUs,data/transcripts_recovered_research/wF2g2CklpUs.en.txt,235,1412
vSAjQ2TJylE,data/transcripts_recovered_research/vSAjQ2TJylE.en.txt,232,1187
7ZNRXFCwYvE,data/transcripts_recovered_research/7ZNRXFCwYvE.hi.txt,228,1098
EUpZera75k8,data/transcripts_recovered_research/EUpZera75k8.en.txt,226,1563
SwufoZmheHw,data/transcripts/SwufoZmheHw.en-orig.txt,222,1167
QIU7y0WBfgc,data/transcripts_recovered_research/QIU7y0WBfgc.hi.txt,222,977
8DMZ-pghVQM,data/transcripts_recovered_research/8DMZ-pghVQM.en.txt,222,1279
3jgTR6-g1Lo,data/transcripts_recovered_research/3jgTR6-g1Lo.en.txt,219,1256
zXhyG_rJdko,data/transcripts_recovered_research/zXhyG_rJdko.en.txt,218,1226
CaQwpE-D-uQ,data/transcripts_recovered_research/CaQwpE-D-uQ.hi.txt,217,998
rt_u26zF2-s,data/transcripts_recovered_research/rt_u26zF2-s.en.txt,216,1152
vesCA0lzuzA,data/transcripts_recovered_research/vesCA0lzuzA.hi.txt,211,1129
lviLklNIk2Q,data/transcripts_recovered_research/lviLklNIk2Q.hi.txt,210,1019
20_bSi-V888,data/transcripts_recovered_research/20_bSi-V888.hi.txt,210,1018
f3PH1cvX8sM,data/transcripts_recovered_research/f3PH1cvX8sM.en.txt,209,1113
hSPBcQJ4Tx8,data/transcripts_recovered_research/hSPBcQJ4Tx8.en.txt,208,1201
ECI11uKvmG4,data/transcripts_recovered_research/ECI11uKvmG4.en.txt,207,1145
FScktN86c9M,data/transcripts_recovered_research/FScktN86c9M.en.txt,207,1158
VsGPjzPndHc,data/transcripts_recovered_research/VsGPjzPndHc.hi.txt,207,909
v3j7ODYGd0s,data/transcripts_recovered_research/v3j7ODYGd0s.hi.txt,206,1058
SuZSLw-Pcw0,data/transcripts_recovered_research/SuZSLw-Pcw0.en.txt,204,1217
w-qMkgmWA4M,data/transcripts_recovered_research/w-qMkgmWA4M.en.txt,203,1174
DPtEb0p905k,data/transcripts_recovered_research/DPtEb0p905k.hi.txt,202,878
Hhu0XG8nyZw,data/transcripts/Hhu0XG8nyZw.txt,200,1867
vU8m8teYroQ,data/transcripts_recovered_research/vU8m8teYroQ.hi.txt,200,914
tptJW8Syu70,data/transcripts/tptJW8Syu70.txt,199,858
VHEbukPnpoU,data/transcripts/VHEbukPnpoU.txt,196,787
559cVTeWW9s,data/transcripts_recovered_research/559cVTeWW9s.en.txt,195,1185
KumH4WkJh0g,data/transcripts/KumH4WkJh0g.txt,195,1033
cFooVAkqFiU,data/transcripts_recovered_research/cFooVAkqFiU.en.txt,194,1045
LbrX6tZ0Ovg,data/transcripts/LbrX6tZ0Ovg.txt,193,821
I6qzKSOXUsM,data/transcripts_recovered_research/I6qzKSOXUsM.en.txt,192,1136
F0-FJsFNALg,data/transcripts/F0-FJsFNALg.txt,192,1081
HH6Dy5uoTCg,data/transcripts_recovered_research/HH6Dy5uoTCg.hi.txt,192,939
55JWQ0PyYVA,data/transcripts_recovered_research/55JWQ0PyYVA.hi.txt,192,895
6u8UCktloYQ,data/transcripts_recovered_research/6u8UCktloYQ.hi.txt,191,929
Q1LCTtFX_Fs,data/transcripts_recovered_research/Q1LCTtFX_Fs.hi.txt,191,1142
YLY5hrkQgWY,data/transcripts_recovered_research/YLY5hrkQgWY.hi.txt,189,935
riKrz4kinQM,data/transcripts_recovered_research/riKrz4kinQM.hi.txt,185,801
Fnm7zP9oKZc,data/transcripts_recovered_research/Fnm7zP9oKZc.en.txt,184,1080
DKkBGHhDQWk,data/transcripts/DKkBGHhDQWk.en.txt,182,1026
Sh4ElhPZvNo,data/transcripts_recovered_research/Sh4ElhPZvNo.hi.txt,182,882
JXXZD1BQqBY,data/transcripts_recovered_research/JXXZD1BQqBY.hi.txt,177,745
Ec5yaorLl-M,data/transcripts/Ec5yaorLl-M.en-orig.txt,177,993
MS4cYZRrCd0,data/transcripts_recovered_research/MS4cYZRrCd0.en.txt,177,901
TBxnBuUNiBE,data/transcripts_recovered_research/TBxnBuUNiBE.hi.txt,175,760
QQZ7e66-Vgk,data/transcripts_recovered_research/QQZ7e66-Vgk.hi.txt,175,888
WByunqNwPQU,data/transcripts/WByunqNwPQU.en.txt,174,904
KwuXXx_QTaE,data/transcripts_recovered_research/KwuXXx_QTaE.hi.txt,171,751
zkK_I-VW6wo,data/transcripts_recovered_research/zkK_I-VW6wo.hi.txt,171,788
d_PgNocg3z4,data/transcripts_recovered_research/d_PgNocg3z4.en.txt,171,854
P5on4xVU2eQ,data/transcripts_recovered_research/P5on4xVU2eQ.en.txt,168,862
DJEJTvb-xI8,data/transcripts_recovered_research/DJEJTvb-xI8.hi.txt,167,794
MAoKHa-fj0E,data/transcripts_recovered_research/MAoKHa-fj0E.hi.txt,164,765
bMY2KUyz330,data/transcripts_recovered_research/bMY2KUyz330.en.txt,162,877
kC8obfUPN1I,data/transcripts_recovered_research/kC8obfUPN1I.en.txt,157,841
GqQu2ZW-rUA,data/transcripts_recovered_research/GqQu2ZW-rUA.en.txt,156,945
Y7Ye51p2Fj4,data/transcripts_recovered_research/Y7Ye51p2Fj4.en.txt,156,910
N4cNi6c6qVw,data/transcripts_recovered_research/N4cNi6c6qVw.hi.txt,155,704
cpgmUSfA334,data/transcripts_recovered_research/cpgmUSfA334.en.txt,155,936
Qg9xS_09m9k,data/transcripts_recovered_research/Qg9xS_09m9k.en.txt,154,849
h6BWo6jsiLA,data/transcripts_recovered_research/h6BWo6jsiLA.hi.txt,150,704
ShS9Lelo9V8,data/transcripts_recovered_research/ShS9Lelo9V8.hi.txt,149,627
WDhvcUSkggo,data/transcripts_recovered_research/WDhvcUSkggo.en.txt,148,873
l7_7DjjjTw8,data/transcripts_recovered_research/l7_7DjjjTw8.en.txt,147,788
K-imIEL8f-A,data/transcripts/K-imIEL8f-A.en-orig.txt,146,902
y7ANpURzWsQ,data/transcripts_recovered_research/y7ANpURzWsQ.hi.txt,146,830
uxx6xQuwAuM,data/transcripts_recovered_research/uxx6xQuwAuM.en.txt,145,822
w00785UPnbw,data/transcripts_recovered_research/w00785UPnbw.hi.txt,145,905
3zACOxsxXsg,data/transcripts_recovered_research/3zACOxsxXsg.en.txt,145,849
y4tARqIzJis,data/transcripts_recovered_research/y4tARqIzJis.en.txt,143,879
Ofx6MXZZ6EE,data/transcripts/Ofx6MXZZ6EE.en.txt,143,777
Tc2elWuujqw,data/transcripts/Tc2elWuujqw.en-orig.txt,142,787
LrMK9WrQ3SU,data/transcripts_recovered_research/LrMK9WrQ3SU.en.txt,141,863
UHhXcXrHbFA,data/transcripts_recovered_research/UHhXcXrHbFA.mr.txt,140,1007
nQmVhIS8fJI,data/transcripts_recovered_research/nQmVhIS8fJI.hi.txt,139,656
WwaHfZiLoXk,data/transcripts_recovered_research/WwaHfZiLoXk.hi.txt,139,623
4ToNpt4dAMc,data/transcripts_recovered_research/4ToNpt4dAMc.kn.txt,139,923
549VedVn4gg,data/transcripts_recovered_research/549VedVn4gg.en.txt,137,758
HV93s9jRkdY,data/transcripts_recovered_research/HV93s9jRkdY.gu.txt,137,667
RZwNsXv-tWc,data/transcripts_recovered_research/RZwNsXv-tWc.en.txt,136,822
FJM8kEO2mPY,data/transcripts_recovered_research/FJM8kEO2mPY.en.txt,135,742
SFMN1XdD8_E,data/transcripts_recovered_research/SFMN1XdD8_E.hi.txt,135,612
8hUGNFsoGnA,data/transcripts_recovered_research/8hUGNFsoGnA.hi.txt,134,806
0wJKeCwiNTM,data/transcripts_recovered_research/0wJKeCwiNTM.hi.txt,134,610
RXRgRsoNRmk,data/transcripts_recovered_research/RXRgRsoNRmk.en.txt,133,781
HSYN-yVTbqI,data/transcripts_recovered_research/HSYN-yVTbqI.hi.txt,133,538
U9beCVRmpCc,data/transcripts_recovered_research/U9beCVRmpCc.kn.txt,133,937
HchEzNZRTY8,data/transcripts/HchEzNZRTY8.en-orig.txt,132,671
_W9uV2M5Lk4,data/transcripts/_W9uV2M5Lk4.en-orig.txt,132,764
g8MvYG7afaE,data/transcripts_recovered_research/g8MvYG7afaE.hi.txt,132,673
ILYKKso4dfE,data/transcripts_recovered_research/ILYKKso4dfE.en.txt,131,785
75BLUGP7kmE,data/transcripts_recovered_research/75BLUGP7kmE.en.txt,131,869
PMv5_AtWlzM,data/transcripts_recovered_research/PMv5_AtWlzM.hi.txt,130,594
hnjw5VT6Wvo,data/transcripts/hnjw5VT6Wvo.txt,129,694
6rjtuqh5o4Y,data/transcripts/6rjtuqh5o4Y.txt,128,718
QPsMAwSiZVk,data/transcripts_recovered_research/QPsMAwSiZVk.hi.txt,128,699
8PjqjxUvNOo,data/transcripts_recovered_research/8PjqjxUvNOo.en.txt,126,757
fys2jjfYeYw,data/transcripts/fys2jjfYeYw.en-orig.txt,126,653
Qy14dSLN-mA,data/transcripts_recovered_research/Qy14dSLN-mA.hi.txt,126,624
R1Tv4clN98s,data/transcripts_recovered_research/R1Tv4clN98s.hi.txt,124,648
0OCahmfR-do,data/transcripts_recovered_research/0OCahmfR-do.en.txt,123,701
O1R4HTgdC-A,data/transcripts/O1R4HTgdC-A.en-orig.txt,123,629
EHX1-Dj2IXM,data/transcripts_recovered_research/EHX1-Dj2IXM.en.txt,123,687
xteGOc87tV8,data/transcripts_recovered_research/xteGOc87tV8.en.txt,122,642
D9dBXNT0YA4,data/transcripts_recovered_research/D9dBXNT0YA4.en.txt,121,624
uQg6BrQaXOM,data/transcripts_recovered_research/uQg6BrQaXOM.hi.txt,120,590
LRHh5TvYyV0,data/transcripts_recovered_research/LRHh5TvYyV0.hi.txt,120,514
FTNLwfGOjuU,data/transcripts_recovered_research/FTNLwfGOjuU.hi.txt,120,561
jHyYaM2oe1E,data/transcripts_recovered_research/jHyYaM2oe1E.hi.txt,119,547
Vk6H0oT1n2U,data/transcripts/Vk6H0oT1n2U.en.txt,119,719
PNLcohhQTHo,data/transcripts_recovered_research/PNLcohhQTHo.en.txt,118,644
0LTozZKV7f8,data/transcripts/0LTozZKV7f8.en.txt,118,658
UwKuh0x56dM,data/transcripts/UwKuh0x56dM.en-orig.txt,117,617
acHlKJjhxBs,data/transcripts/acHlKJjhxBs.txt,117,774
OEBcG4-_SY4,data/transcripts/OEBcG4-_SY4.txt,115,552
ipitZ_o2ut4,data/transcripts/ipitZ_o2ut4.en.txt,112,626
NOK9-J_s3_8,data/transcripts_recovered_research/NOK9-J_s3_8.en.txt,111,620
dvwixpYQqpo,data/transcripts/dvwixpYQqpo.txt,111,623
Ctix1E-BF0s,data/transcripts_recovered_research/Ctix1E-BF0s.te.txt,109,849
bccEoJ0G6qE,data/transcripts_recovered_research/bccEoJ0G6qE.en.txt,108,697
OumubmGN4zo,data/transcripts_recovered_research/OumubmGN4zo.hi.txt,108,451
-_Zn3F279mM,data/transcripts_recovered_research/-_Zn3F279mM.en.txt,107,559
T4q-n5Sxt2Y,data/transcripts/T4q-n5Sxt2Y.en.txt,107,586
HSBwdaHZhx4,data/transcripts_recovered_research/HSBwdaHZhx4.en.txt,107,577
n6HfFdQvkws,data/transcripts/n6HfFdQvkws.txt,105,562
ZaA653fHNbI,data/transcripts_recovered_research/ZaA653fHNbI.en.txt,105,564
ZyL0KYXzLUk,data/transcripts_recovered_research/ZyL0KYXzLUk.hi.txt,105,536
JchDbzvsXAk,data/transcripts_recovered_research/JchDbzvsXAk.en.txt,103,617
0T_qOiw2Xuk,data/transcripts_recovered_research/0T_qOiw2Xuk.en.txt,103,604
ymymYY2d-Bs,data/transcripts/ymymYY2d-Bs.en-orig.txt,102,528
n3Zf6ga7ncU,data/transcripts_recovered_research/n3Zf6ga7ncU.en.txt,100,570
NyvUjHDa0JY,data/transcripts_recovered_research/NyvUjHDa0JY.ar.txt,99,569
deco9KHty04,data/transcripts_recovered_research/deco9KHty04.en.txt,99,626
PcRqCO_wOd4,data/transcripts_recovered_research/PcRqCO_wOd4.en.txt,99,671
2PWKPU4mp1Q,data/transcripts_recovered_research/2PWKPU4mp1Q.en.txt,98,506
AgBX2c7w7Ts,data/transcripts_recovered_research/AgBX2c7w7Ts.en.txt,96,535
cQd85Evi0ak,data/transcripts_recovered_research/cQd85Evi0ak.en.txt,96,513
h_3xhGmBEW0,data/transcripts_recovered_research/h_3xhGmBEW0.hi.txt,94,468
ARaE7X4CLoU,data/transcripts_recovered_research/ARaE7X4CLoU.en.txt,93,488
k2JHTLlqGuE,data/transcripts_recovered_research/k2JHTLlqGuE.en.txt,93,549
09AHHhQJPH4,data/transcripts/09AHHhQJPH4.txt,93,428
bJgAp7SRgMk,data/transcripts_recovered_research/bJgAp7SRgMk.en.txt,92,616
FMKB_BVupYA,data/transcripts_recovered_research/FMKB_BVupYA.hi.txt,92,385
Ke39MCav5Hs,data/transcripts_recovered_research/Ke39MCav5Hs.hi.txt,90,467
XjzM546PQ6E,data/transcripts_recovered_research/XjzM546PQ6E.ro.txt,89,558
UqFEcKCGCRI,data/transcripts_recovered_research/UqFEcKCGCRI.en.txt,88,446
W8eP9ZZqofU,data/transcripts_recovered_research/W8eP9ZZqofU.ml.txt,86,532
s7Mw13LujzE,data/transcripts_recovered_research/s7Mw13LujzE.hi.txt,85,387
NTpkt3ylNmE,data/transcripts/NTpkt3ylNmE.txt,84,429
lnnW0UvLkjw,data/transcripts_recovered_research/lnnW0UvLkjw.hi.txt,82,386
K00r2GsUhic,data/transcripts_recovered_research/K00r2GsUhic.en.txt,82,525
WEjHA0rWaJ4,data/transcripts_recovered_research/WEjHA0rWaJ4.hi.txt,81,386
FNdSkS0tTCQ,data/transcripts_recovered_research/FNdSkS0tTCQ.en.txt,81,442
Is43iSzaa4I,data/transcripts_recovered_research/Is43iSzaa4I.hi.txt,81,394
GYpgTh6Fp1E,data/transcripts/GYpgTh6Fp1E.en.txt,80,441
yU_V9zgUo-k,data/transcripts_recovered_research/yU_V9zgUo-k.nl.txt,79,391
ULYfXTvQRgw,data/transcripts/ULYfXTvQRgw.en-orig.txt,78,438
AWTD4P1OBJI,data/transcripts_recovered_research/AWTD4P1OBJI.hi.txt,78,369
UJPAHpPTt1Y,data/transcripts_recovered_research/UJPAHpPTt1Y.hi.txt,77,430
pN4Wv_8DDT0,data/transcripts_recovered_research/pN4Wv_8DDT0.hi.txt,76,420
dW9UwLVjvak,data/transcripts_recovered_research/dW9UwLVjvak.nl.txt,74,418
oUjU4PSdpGY,data/transcripts/oUjU4PSdpGY.en.txt,72,350
JxVCCHqc72E,data/transcripts_recovered_research/JxVCCHqc72E.en.txt,72,422
LlIcW_A5eaM,data/transcripts_recovered_research/LlIcW_A5eaM.en.txt,71,388
UxnQCbsBc2c,data/transcripts_recovered_research/UxnQCbsBc2c.hi.txt,68,306
L_GxgYRVSTs,data/transcripts/L_GxgYRVSTs.en.txt,63,402
WnpukzPVEqk,data/transcripts_recovered_research/WnpukzPVEqk.hi.txt,63,263
uVvfdG6YyZE,data/transcripts_recovered_research/uVvfdG6YyZE.en.txt,63,357
Z4diFKcv3gE,data/transcripts_recovered_research/Z4diFKcv3gE.hi.txt,60,264
BrTzLPa_GkA,data/transcripts_recovered_research/BrTzLPa_GkA.hi.txt,60,354
qQYRdiv6Uzc,data/transcripts_recovered_research/qQYRdiv6Uzc.hi.txt,59,276
VXxv1V4_7qg,data/transcripts_recovered_research/VXxv1V4_7qg.hi.txt,58,244
rP98Wu7-YM4,data/transcripts_recovered_research/rP98Wu7-YM4.en.txt,56,344
GN1cZhfmRZE,data/transcripts/GN1cZhfmRZE.en.txt,55,289
VuWWSufO4as,data/transcripts_recovered_research/VuWWSufO4as.hi.txt,55,326
mZVIoVj-L4A,data/transcripts/mZVIoVj-L4A.en-orig.txt,53,279
QVr_291uyG8,data/transcripts_recovered_research/QVr_291uyG8.en.txt,52,298
3DbBA1BTAM4,data/transcripts_recovered_research/3DbBA1BTAM4.en.txt,52,294
HLo1lepnzGc,data/transcripts_recovered_research/HLo1lepnzGc.en.txt,51,298
ZelH0Jywa5Q,data/transcripts_recovered_research/ZelH0Jywa5Q.en.txt,51,332
Ak0uTdv5kEo,data/transcripts_recovered_research/Ak0uTdv5kEo.hi.txt,50,210
2kKVITRbaD4,data/transcripts_recovered_research/2kKVITRbaD4.en.txt,48,330
9JF7XB--NfY,data/transcripts_recovered_research/9JF7XB--NfY.en.txt,47,286
xVg2c3gOQFY,data/transcripts_recovered_research/xVg2c3gOQFY.en.txt,46,262
UInzQ1ZCR0E,data/transcripts_recovered_research/UInzQ1ZCR0E.en.txt,45,258
tFXn_fCk0Hw,data/transcripts_recovered_research/tFXn_fCk0Hw.hi.txt,45,228
RGsBun5NKJw,data/transcripts/RGsBun5NKJw.en-orig.txt,43,244
GQPYZ2pMPAo,data/transcripts/GQPYZ2pMPAo.en.txt,43,135
atUqSETYmmo,data/transcripts_recovered_research/atUqSETYmmo.en.txt,42,250
Wl1FCBaqLWk,data/transcripts_recovered_research/Wl1FCBaqLWk.hi.txt,41,199
GlkYMhn_IyY,data/transcripts_recovered_research/GlkYMhn_IyY.en.txt,40,210
ozzlSxcDp6o,data/transcripts_recovered_research/ozzlSxcDp6o.kn.txt,40,304
uZLjeYZS9Ng,data/transcripts_recovered_research/uZLjeYZS9Ng.hi.txt,39,205
JmBgTeRirG8,data/transcripts_recovered_research/JmBgTeRirG8.kn.txt,38,328
Kq6KSPBrf3g,data/transcripts_recovered_research/Kq6KSPBrf3g.en.txt,38,250
Uk2MNaV2cW8,data/transcripts_recovered_research/Uk2MNaV2cW8.my.txt,34,2759
__cd-Hi0gnQ,data/transcripts_recovered_research/__cd-Hi0gnQ.mr.txt,34,240
69w_iBdREDA,data/transcripts_recovered_research/69w_iBdREDA.en.txt,32,200
GzkKnhOvqiM,data/transcripts_recovered_research/GzkKnhOvqiM.en.txt,29,171
JD1wlHhzQyE,data/transcripts/JD1wlHhzQyE.en.txt,28,102
U8Xap8TH2kM,data/transcripts_recovered_research/U8Xap8TH2kM.en.txt,27,158
ZFuazWOx7eQ,data/transcripts/ZFuazWOx7eQ.en.txt,27,170
CJ35YXZ2z78,data/transcripts_recovered_research/CJ35YXZ2z78.hi.txt,26,174
OcKTF01z-JM,data/transcripts_recovered_research/OcKTF01z-JM.es.txt,25,163
i0SD-sKy5VM,data/transcripts_recovered_research/i0SD-sKy5VM.en.txt,24,203
QlpDBRtZX8o,data/transcripts_recovered_research/QlpDBRtZX8o.en.txt,24,145
DMcqcYaidyw,data/transcripts_recovered_research/DMcqcYaidyw.ta.txt,23,153
7QsGyBDLrmg,data/transcripts/7QsGyBDLrmg.txt,23,178
S0bIJVsW6kg,data/transcripts_recovered_research/S0bIJVsW6kg.en.txt,23,151
_8IpP4tZP4k,data/transcripts_recovered_research/_8IpP4tZP4k.ru.txt,22,179
1hxz_M2JSsI,data/transcripts_recovered_research/1hxz_M2JSsI.en.txt,22,154
hiYhJtcB1eg,data/transcripts_recovered_research/hiYhJtcB1eg.en.txt,21,136
fsWitGfWyHI,data/transcripts_recovered_research/fsWitGfWyHI.fil.txt,21,145
7juBq6m1U2o,data/transcripts/7juBq6m1U2o.en.txt,21,150
5CcU1NqVTtc,data/transcripts_recovered_research/5CcU1NqVTtc.hi.txt,20,88
nYEYlAKv-d0,data/transcripts/nYEYlAKv-d0.en.txt,19,156
Ymi8Cov8hg0,data/transcripts_recovered_research/Ymi8Cov8hg0.en.txt,19,118
Bf97RqytioI,data/transcripts_recovered_research/Bf97RqytioI.en.txt,19,134
aIuo_SLGMVc,data/transcripts_recovered_research/aIuo_SLGMVc.kn.txt,19,132
gpXdaM7_P6U,data/transcripts/gpXdaM7_P6U.en-orig.txt,18,121
GYBNtNIqEvM,data/transcripts_recovered_research/GYBNtNIqEvM.hi.txt,17,103
390e4OYx1i4,data/transcripts_recovered_research/390e4OYx1i4.en.txt,16,105
qyUybl8AFCA,data/transcripts_recovered_research/qyUybl8AFCA.en.txt,16,131
MniPdncacTM,data/transcripts/MniPdncacTM.en.txt,16,112
vL9Ps7YIssE,data/transcripts_recovered_research/vL9Ps7YIssE.kn.txt,15,99
vwaWGxG-J9k,data/transcripts_recovered_research/vwaWGxG-J9k.hi.txt,15,95
keKQxTcz74I,data/transcripts_recovered_research/keKQxTcz74I.en.txt,15,102
_czzoFZX0hE,data/transcripts_recovered_research/_czzoFZX0hE.fil.txt,15,142
9puS4NcoHQ4,data/transcripts_recovered_research/9puS4NcoHQ4.en.txt,14,98
gZi7H-scLCA,data/transcripts_recovered_research/gZi7H-scLCA.hi.txt,14,61
kf5vQsizv4Q,data/transcripts/kf5vQsizv4Q.en.txt,14,102
sR2S1gh9s30,data/transcripts_recovered_research/sR2S1gh9s30.en.txt,13,91
N2hINf9f0Fw,data/transcripts/N2hINf9f0Fw.en-orig.txt,13,79
sm6QLZDPFyk,data/transcripts_recovered_research/sm6QLZDPFyk.hi.txt,13,56
znt2Wu6eXm0,data/transcripts/znt2Wu6eXm0.en.txt,12,73
H9bF0cVhU4Q,data/transcripts_recovered_research/H9bF0cVhU4Q.hi.txt,12,54
x_xKEKJrVXo,data/transcripts_recovered_research/x_xKEKJrVXo.en.txt,12,59
xOQ1qzDTq0o,data/transcripts_recovered_research/xOQ1qzDTq0o.en.txt,11,67
zSLdcsEe94g,data/transcripts_recovered_research/zSLdcsEe94g.en.txt,11,56
GpWHLMVk0xU,data/transcripts_recovered_research/GpWHLMVk0xU.en.txt,10,73
VKqzSv509xk,data/transcripts_recovered_research/VKqzSv509xk.en.txt,10,67
ZPvjYdERaEI,data/transcripts_recovered_research/ZPvjYdERaEI.hi.txt,10,73
iQel86HoW9M,data/transcripts_recovered_research/iQel86HoW9M.en.txt,9,70
X7C8INDnWh0,data/transcripts/X7C8INDnWh0.en.txt,8,45
WxdR0Vmm8QA,data/transcripts/WxdR0Vmm8QA.en.txt,8,59
X-AEzhkysCg,data/transcripts/X-AEzhkysCg.en-orig.txt,8,65
w9wacV68ScE,data/transcripts/w9wacV68ScE.en.txt,8,59
hDRgMd6DmIo,data/transcripts/hDRgMd6DmIo.en-orig.txt,8,53
E4CYCnXnhrk,data/transcripts_recovered_research/E4CYCnXnhrk.ar.txt,8,70
vpVp1XsRpco,data/transcripts_recovered_research/vpVp1XsRpco.en.txt,8,47
PoHxH7BWxig,data/transcripts/PoHxH7BWxig.en-orig.txt,7,45
nvvUpRFYpZk,data/transcripts_recovered_research/nvvUpRFYpZk.en.txt,7,51
KvdAWtb4mVE,data/transcripts_recovered_research/KvdAWtb4mVE.en.txt,6,38
tv95dQ14_Ic,data/transcripts/tv95dQ14_Ic.en.txt,6,44
bLV-SO_FDbA,data/transcripts/bLV-SO_FDbA.en.txt,6,43
qmdbYk9dlpk,data/transcripts/qmdbYk9dlpk.en.txt,6,43
GyQy3n4g-00,data/transcripts_recovered_research/GyQy3n4g-00.hi.txt,6,37
k1o-qz6eCik,data/transcripts_recovered_research/k1o-qz6eCik.fr.txt,6,51
8JU0npV6xTc,data/transcripts/8JU0npV6xTc.en-orig.txt,6,43
RehqLdUGJlg,data/transcripts_recovered_research/RehqLdUGJlg.en.txt,6,47
2bLkp7yodN8,data/transcripts/2bLkp7yodN8.en-orig.txt,5,35
uz5raB6x-vU,data/transcripts/uz5raB6x-vU.en-orig.txt,5,31
JB-0zDl0UpQ,data/transcripts_recovered_research/JB-0zDl0UpQ.en.txt,5,30
aBw1tuS36HY,data/transcripts_recovered_research/aBw1tuS36HY.en.txt,4,22
6u_xoU2AOdo,data/transcripts_recovered_research/6u_xoU2AOdo.en.txt,4,25
rAJU5AsaTcc,data/transcripts_recovered_research/rAJU5AsaTcc.en.txt,4,25
3siCZ0OOmKw,data/transcripts_recovered_research/3siCZ0OOmKw.en.txt,3,16
ISft6hv2hZE,data/transcripts_recovered_research/ISft6hv2hZE.hi.txt,3,18
dGKd7pdpdJ0,data/transcripts_recovered_research/dGKd7pdpdJ0.ko.txt,3,23
np32NBA0XiU,data/transcripts_recovered_research/np32NBA0XiU.hi.txt,3,17
3PKwdy_7Ttg,data/transcripts_recovered_research/3PKwdy_7Ttg.id.txt,3,10
eUfaQnDrZxQ,data/transcripts_recovered_research/eUfaQnDrZxQ.ja.txt,2,6
btBM0lRRwlQ,data/transcripts_recovered_research/btBM0lRRwlQ.en.txt,2,11
50Qf3kJDUeE,data/transcripts_recovered_research/50Qf3kJDUeE.en.txt,2,15
IurZMHfUmsM,data/transcripts_recovered_research/IurZMHfUmsM.en.txt,1,4
rn1Fsc4_x5o,data/transcripts_recovered_research/rn1Fsc4_x5o.hi.txt,1,2
mtE7UXC5mKo,data/transcripts_recovered_research/mtE7UXC5mKo.en.txt,1,4
