video_id,title,channel,upload_date,duration,view_count
V4bK7BdAm-o,International Day of Yoga 2024,CBS Chicago,20240621,115,1235
Av5ib_XRKT4,Common Yoga Protocol English Full Version International Day of Yoga-CC,Ministry of Ayush,20190329,3152,222177
U7uJI2m-W1Q,Yoga with Deviyarani | International Day of Yoga 2024,Doordarshan Manipur,20240621,1783,40724
6knnQMr_FPg,Discussion on International Day of Yoga 2024 | Yoga for Self & Society,Doordarshan Manipur,20240621,3196,1855
kvd5fCy-ITE,PM Modi takes part in International Day of Yoga celebrations at UN HQ in New York City,Narendra Modi,20230621,4192,295038
8ch8_AX-7ZU,Common Yoga Protocol - 36 Mins,Morarji Desai National Institute of Yoga (MDNIY),20150515,2187,810884
6wCIFVLibfc,Happy International Day of Yoga 2024!,The Art of Living Dharma Sthambha Yojana,20240620,121,1140
oYLY4KyNukI,International Yoga Day 2024 | 2024 Theme: Yoga for self and society | World News | WION,WION,20240621,289,2357
otGmdJKC1mE,Common Yoga Protocol l International Yoga Day by IndeaYoga l Asana & Pranayama Techniques,Bharatha Yoga ,20220615,1513,81604
w4CE-SMokQI,International Day of Yoga 2021: Common Yoga Protocol Video (Hindi),Morarji Desai National Institute of Yoga (MDNIY),20220413,2753,237178
bMY2KUyz330,Importance of Yoga by Sadhguru | International Day of Yoga 2024,Ministry of Ayush,20240619,74,1543
XoKsd-IwLpQ,"International Day of Yoga: Journey | 20 June, 2024",Sansad TV,20240620,1286,6337
7e85JPQaWCw,YOGA DAY 2024 Don't Miss This Opportunity - FREE Offering From Sadhguru | International Day Of Yoga,The Mystic World,20240608,293,4738
ISft6hv2hZE,International Day of Yoga 2024: Countdown Begins - 12 Days to Go,Ministry of Ayush,20240609,25,1663
DQG9Bcq3Sgs,International Yoga Day 2024: 10th International day of Yoga across the globe | Latest News | WION,WION,20240621,411,1719
vpVp1XsRpco,Global Celebration of International Day of Yoga 2024,Ministry of Ayush,20240613,69,991
PNLcohhQTHo,Paadahastasana - International Day of Yoga -2024,DS YOGA,20240620,75,1067
T3LV5yAJpqY,INTERNATIONAL DAY of YOGA 2024-WHAT IS YOGA-HEALTH BENEFITS OF YOGA ON MIND and BODY-AkshataFatnani,Jai Tulja Bhavani,20230620,604,246
LmgN-lRJ3TA,International Yoga Day 2024: How India is connecting the world through Yoga | WION,WION,20240621,391,479
IaMaAM5QMC8,International Day of Yoga • 21 June 2024,Datta Peetham SGS Ashrama,20240621,13174,4346
PwlftiCiWmE,International Day of Yoga 2024,WHO Country Office for India,20240620,169,70380
PwymV0sekDs,10th International Day of Yoga #IDY2024 #YogaDay2024 #YogaForSelfandSociety #YogaDayMoD2024,Indian Air Force,20240622,55,1200
yZ9hNDlqwjU,"2024 Year Marks the 10th International Day Of Yoga With The Theme ""Yoga For Self And Society""",CNN-News18,20240621,597,1352
vRA895CMn1o,International Yoga Day 2024: Indian PM Modi to lead 10th International Day of Yoga | World DNA LIVE,WION,20240621,2925,11143
wXO2eKyoSPA,International Yoga Day | UPSC | Drishti IAS English,Drishti IAS : English,20250621,531,4715
D5zJ5YIxOKA,DJJS Vilakshan Yoga & Dhyaan-Sadhana Shivir | Yoga Day 2024 | Yoga For Self & Society | #YogaforAll,Divya Jyoti Jagrati Sansthan,20240621,5056,28371
HxEEwQDE2lI,Celebration of 25 Days to International Day of Yoga 2024,Ministry of Ayush,20240527,6535,807
zkK_I-VW6wo,Happy International Yoga Day!  | Yoga Poses for a Better You | #internationalyogaday2024,USR Indu Samiti,20240621,257,3232
VbC5UGqsh24,"International Yoga Day 2024: From New York To New Zealand, The World Celebrates Yoga Day | WION",WION,20240621,145,2957
Jp5n2uTR6oA,“Finding Balance and Calmness through Yoga-Meditation” | 2024 International Yoga Day | English,Yogoda Satsanga Society of India,20240616,3449,8801
lKQ3WGLDBjQ,International Yoga Day 2024 LIVE: PM Modi leads International Day of Yoga celebration from Srinagar,WION,20240621,1355,981
PfkCT5wiyE8,10th edition of International Day of Yoga | WION Dispatch,WION,20240621,320,1593
tjT9Sq7MOz0,International Yoga Day 2024 LIVE: PM Modi leads International Day of Yoga celebration from Srinagar,WION,20240621,445,774
4qSSo747st4,International Yoga Day 2024: PM Modi leads Yoga Day celebration in Srinagar | WION Originals,WION,20240621,79,2696
lO7RbqPwyz4,International Yoga Day 2024: How India is connecting the world through Yoga | World News | WION,WION,20240621,264,1224
4cMhh-ZPxkU,International Yoga Day 2024 Yoga demonstration,Yogatali -Traditional Yoga,20240617,492,1168
fbpwpTzF-oY,International Yoga Day 2024: Celebrities who have embraced Yoga | World DNA | WION,WION,20240621,121,997
KSzORKlymhM,International Yoga Day 2024 #yoga,EVAULTO,20240620,64,1432
Q-x-DX47QJo,International Yoga Day 2024: Yoga In New York's Times Square For Summer Solstice | US News | N18G,CNBC-TV18,20240621,4114,6675
TFhoDtY-pUM,International Yoga Day   2024,TNAU TV,20240621,6140,2089
HSYN-yVTbqI,INTERNATIONAL YOGA DAY - 2024,GREEN VALLEY INTERNATIONAL SCHOOL,20240621,138,1523
wT6dfzpGSNE,International Yoga Day 2024 || Slow & Mindful Living In Tokyo.,sanyogi rooted soul,20240624,1086,58
0XoCpPXlV4w,Yoga Day 2025 | United Nations,United Nations,20250620,5020,8939
N4cNi6c6qVw,International Yoga Day | Chandra Namaskar | Song - Adiyogi,Sandhya Chavan,20250621,255,50921
UVoznB0DW5k,International Yoga Day 2024: Celebrities who have embraced Yoga,WION,20240621,126,2292
KGwDpIzZjHQ,"International Celebration of Yoga Day 2024 | Watch the Enthusiasm at Times Square, New York",Oneindia News,20240621,197,2833
qwRCjUBN3Ns,International Yoga Day 2024: Yoga Day Celebrations In Full Swing In India & Beyond | India Today,India Today,20240621,828,432
rAJU5AsaTcc,Take A Breath 2024| International Yoga Day,Decathlon Sports India,20240708,26,368
6AK0fkhCjO4,"LIVE: PM Modi takes part in 11th International Day of Yoga celebrations in Visakhapatnam, AP",Narendra Modi,20250621,5397,372323
qGQ-TvsT9pk,PM Modi's Leadership in Promoting Yoga: International Day of Yoga and AYUSH Initiatives | IDY 2024,DD India,20240620,152,4780
GgTYIjEPNpg,International Yoga Day Whatsapp Status 2024 /International Yoga Day 2024/Yoga Day Status/ Yoga Day,RT Nandhu's World,20220621,21,329
9pXNA3VXUF8,International Day of YOGA 2024 | Yoga for Women Empowerment | World Yoga Day | Yoga for Women Health,Knowledge & Guidance,20240531,475,6605
AkLEk8bb7RI,International Day of YOGA 2024 | SRI C. P. RADHAKRISHNAN | Hon'ble Governor of Telangana | Kanha,Yoga 4 Unity,20240621,8760,1424
GyQy3n4g-00,SPREADING THE LIGHT OF YOGA TO THE WORLD | INTERNATIONAL DAY OF YOGA 2024 | TWSI,The White School International,20240621,70,3079
eUfaQnDrZxQ,International Day of Yoga 2024 | Sitaram Retreats,Sitaram Retreats,20240621,82,895
gmbXXidEAS8,International Day of Yoga 2024 | Srinagar | Latest Update | Drishti IAS English,Drishti IAS : English,20240621,142,1895
iQel86HoW9M,Highlights of International Yoga Day 2022 at Rashtrapati Bhavan,President of India,20220621,57,84163
nKiZsVg8doE,Dr Tony Nader´s presentation - International Day of Yoga 2024,International Maharishi AyurVeda Foundation,20240626,671,3454
2PWKPU4mp1Q,#Yoga for self and society #MyLifeMyYoga- International Day Of Yoga 2024 #atulyamtwins,Passionate HumPaanch,20200617,181,585
CV4QoG5Emxs,International Yoga Day 2024: BSF Officials Celebrate Yoga Day 2024 With Meditation & Mindfulness,India Today,20240621,857,579
QVr_291uyG8,Theme of International Yoga Day 2024/International Yoga Day Theme 2024/Yoga Day Theme,Minakshi's Classroom,20240612,33,3637
9R5j7aIbpq0,International Day of Yoga | 2024,NIPARS Official,20240620,249,1656
4ToNpt4dAMc,NIRVANA SHATAKAM | international yoga day 2024 |YOGA CHAITHANYA,YOGA CHAITHANYA,20240702,319,1080
6qYYbjmn6LM,International Yoga Day Special Quiz - International Day of Yoga Quiz 2024- Most Important Questions,MOM&MISHKA,20240614,486,3922
OcKTF01z-JM,"Yoga Dance | International Yoga Day 2021 | Sanjeevanam Ayurveda Hospital, Kochi, Kerala","Sanjeevanam Ayurveda Hospital Kochi, Kerala",20210621,161,449937
lRC3UxJF3ZM,International Yoga Day 2024,Kadamba International School(KIS) ,20240626,1398,1948
ALhIfbtNLcg,"International Yoga Day 2024 || Theme - ""Yoga for Self and Society"" || Benefits of Yoga",SheelTalks,20240620,188,562
OuwpMJdatAw,PES University - Celebrates 10th International Yoga Day - 2024,PESU LIVE,20240621,7379,1125
ro67GOMTxbs,Dance Yoga By RYS Team For 10th International Yoga Day 2024,RESCULPT YOGA STUDIO,20240625,147,1956
bJgAp7SRgMk,Yoga day 21 June 2024 | Yoga day celebration,yogamates,20260106,338,9138
yO0OUE_6WLM,INTERNATIONAL DAY OF YOGA :-                    21 JUNE 2024 #yoga  #internationaldayofyoga2024,AGRASEN DAVPS,20240621,239,1618
UHhXcXrHbFA,International Yoga Day 2024 Special | Yoga With Smita | Yoga for Kids,Smita Bansal #Smitasb,20240621,259,1396
Wn8MJoHHzq0,International yoga day 2024 | 2nd video #yoga#internationalyogaday#celebration,Manita Khawas Healthy Life 🧘,20240622,1128,1171
wq6Dz53epXI,International Yoga Day Drawing/Yoga Day Poster/World Yoga Day Drawing/International Yoga Day 2024,Art and Craft Sara,20240610,548,2044
Us69_36cjg0,"PM Modi Yoga Day News | International Yoga Day 2024 Celebrations | Banks of Dal Lake, Srinagar",CNN-News18,20240621,595,609
cJEAK5Qks9U,International Day of Yoga 2025: Embracing the Ancient Tradition for Holistic Health,NYC DESI  एनवाईसी देसी,20250623,250,4012
zqsQ3SLkbgU,International Yoga Day 2024 | UPSC | Daily Current News | Drishti IAS,Drishti IAS,20240621,184,22207
30unmx881Ag,PM Modi Addresses Nation From Srinagar On International Yoga Day 2024 | India Today News,India Today,20240621,664,5868
SFMN1XdD8_E,International Yoga Day Celebrations 2024 - Antyodaya Yoga- Yoga for self & society,"Antyodaya Yoga Studio | International Yoga Teacher Training School, Yoga Alliance, US |",20240621,182,623
o9Op6dPMVZY,ALL INDIA YOGASANA TOURNAMENT 2024-25 Bhuvaneshwar.,Dr.Namdev Phatangare,20241226,845,531905
k1o-qz6eCik,Glimpse of International Yoga day 2024 @ Government ITI Hapur | अंतरराष्ट्रीय योग दिवस 2024,Gurukul E-School,20240621,175,1723
fn0b2ndPwys,International Yoga Day Celebrations 2023-2024,VPM BRTOL ENGLISH HIGH SCHOOL,20230626,225,363
uddfLWI0nRY,Yoga Dance | International Yoga Day | By Yoga Group Barwaha,Anushree Atre,20240620,417,597661
xVg2c3gOQFY,Namaste Yoga | Yoga Day 2024 | Promo,India Today,20240620,31,3699
pUDMxxoNe88,International Yoga Day - Gouthami Vidya Niketan High School 2024,Gouthami VidyaNiketan High School ,20240623,120,1445
FNdSkS0tTCQ,International Yoga Day 2024: 'Yoga & Ayurveda'- Celebrating India's gift to mankind | WION Promo,WION,20240531,43,9277
b89U8h63uSI,International Yoga Day 2024: Indian Navy personnel perform Yoga Asana onboard INS TEG,IndiaTV News English,20240621,162,611
K00r2GsUhic,"""Yoga for All: Celebrating International Yoga Day with Youth Veerangnayen""",Youth Veerangnayen,20240625,245,34361
OCyFGMOFKt8,Celebrating International Yoga Day 2024: Power Of Meditation And Mindfulness | India Today News,India Today,20240621,863,1778
BaAPktRjn3Y,7- IDY LE NEG _ Sa Yehi,Idy Le Neg ,20250802,168,455490
bnKWCuyZQy0,Yoga for Self and Society | IDY 2024 with YENRI,YENRI,20240621,3368,138
hJbRpHZr_d0,Yoga For Anxiety and Stress,Yoga With Adriene,20151223,1674,13373093
CgmAmbaWiec,Yoga for self and society,Sailor Today,20240621,4812,128
52rs7XGbJvc,🌿 Yoga for Self and Society,SPEFL-SC,20240624,4355,93
-_Zn3F279mM,Yoga -  For Self and Society,B Positive,20240730,65,23
-NghXPxXi-M,#Yoga for Self and Society!🧘🏻‍♀️🌍🧘🏻‍♂️,Ministry of Information & Broadcasting,20240618,208,208
7BJ-YJ6qcIo,🧘‍♀️ International Yoga Day 2025 | Yoga for Self and Society 🧘‍♂️,The actual me ,20251029,1954,341
LcXwLEEJRzo,"International Yoga Day 2024 theme is""Yoga for Self and Society""#yogaforselfandsociety #idy@mdniyyoga",Yoga by Geet,20240621,241,120
U9beCVRmpCc,International Day of Yoga 2024 - YOGA FOR SELF AND SOCIETY,Yogadvika,20240621,79,62
r7xdgnDNlDM,#Yoga for Self and Society!🧘🏻‍♀️🌍🧘🏻‍♂️,Ministry of Information & Broadcasting,20240617,182,269
fRuY9gdDD3c,#Yoga for Self and Society!🧘🏻‍♀️🌍🧘🏻‍♂️,Ministry of Information & Broadcasting,20240619,244,481
9NaG7q7-QYM,International Yoga Day 2024 Theme : Yoga for Self and Society,Vibrancy,20240625,28,12
-pOwf3m8HBE,#Yoga for Self and Society!🧘🏻‍♀️🌍🧘🏻‍♂️,Ministry of Information & Broadcasting,20240615,141,254
elZ98SR4PNM,#Yoga for Self and Society!🧘🏻‍♀️🌍🧘🏻‍♂️,Ministry of Information & Broadcasting,20240618,148,178
dN7-tXsrjYk,Yoga for Self & Society - Celebrating 10th International Yoga Day - June 21 #YogaforAllRoga,Planet Ayurveda,20240621,929,6721
OkVZA6fQ9Qw,#Yoga for Self and Society!🧘🏻‍♀️🌍🧘🏻‍♂️,Ministry of Information & Broadcasting,20240617,144,134
95kRvXxYhu0,#Yoga for Self and Society!🧘🏻‍♀️🌍🧘🏻‍♂️➡️#Ustrasana - The Camel Posture!🔷,"Information & PR, J&K",20240614,177,16
8PjqjxUvNOo,Yoga for Self and Society Essay Writing or speech in English 300 Words by Smile Please World,Smile Please World,20240620,147,685
6LNRlqp86yM,International Yoga Day 2024 centers on 'yoga for self and society',FOX40 News,20240621,290,2325
n1F9VmD1gmg,Floor yoga for MS | MS Society,MS Society UK,20190923,877,71654
lF1mDjagcFw,Yoga For Self and Society | International Day of Yoga 2024,Ministry of Ayush,20240613,27,610
4g0kkebBowM,YOGA FOR SELF AND SOCIETY,Snigdha's podium ,20240620,367,274
Y8qXuYLvz10,Yoga day 2024. Theme -- YOGA FOR SELF AND SOCIETY #yogaday2024 #yogadayeveryday,Young minds at play,20240621,25,78
W8eP9ZZqofU,Yoga Day 2024 | Yoga for Self and Society,Ayursiha Hospital,20240622,60,30
PmCVcjloRj8,Yoga for self and society,Mediqueen Doctor Pageant 2024,20240621,60,3
BlyAhlQvF04,Yoga for Self and Society,EMPC-IGNOU,20250620,3597,362
xlQHn5hSciM,“Yoga for Self and Society | IYD 2025 Powerful Message” Theme: “Yoga for Self and Society”,GS CRAZE ,20250621,147,82
YnpWEXUA2WI,#Yoga for Self and Society!🧘🏻‍♀️🌍🧘🏻‍♂️,Ministry of Information & Broadcasting,20240612,138,159
BrqZXHcffDA,10th International Day of Yoga - Yoga for self and Society ( LIVE ),ICCR IN SRI LANKA,20240622,4481,56
qrlR8JYSMu8,Provet Pharma | International Day of Yoga | Yoga for Self and Society | Sustainable farming practice,Provet Pharma Private Limited,20240621,41,49
KYKcxkZzHp8,“Kriya Yoga Meditation for a Happy and Successful Life” | World Meditation Day Talk By YSS Sannyasi,Yogoda Satsanga Society of India,20241222,3022,25900
-DrjPSadlrw,"International Yoga Day 2024 Video in Hindi || ""Yoga for Self and Society"" || Benefits of Yoga",SheelTalks,20240621,227,65
O3UzA-ItA0k,Essay on Yoga for self and society|Speech on yoga for self and society|International yoga Day Essay,kids fun Magic world,20240620,354,165
m7QwLD4I5iI,INTERNATIONAL YOGA DAY- 2024                        Theme:- YOGA FOR SELF AND SOCIETY.,Rakesh Burh,20240621,69,16
i-liV2oL3UM,Yoga day 2024,Prina Simariya,20250327,33,27
7axw1ORZhV8,Freedom from the Self: A Study of the Yoga Sutras with Ravi Ravindra - 2 | Theosophical Classic 2016,Theosophical Society,20260111,3576,695
LRHh5TvYyV0,happy international Yoga Day in 2024..... yoga for self and society.......,Vartika Pandey,20240620,183,137
ISu5u2-Q_Es,Essay/Speech on International Yoga Day 2024 Theme:Yoga for Self and Society Essay/Speech Yoga Day,Privi Creation,20240621,191,32
3eKZF98ixLk,ASP PweDay: Gentle Yoga for Self-Care,Autism Society Philippines,20210208,2771,70
RZwNsXv-tWc,International Yoga Day 2024 | June 21| Yoga for self and society| Bhagyathaara,ARYATARA AYURNIKETAN,20240618,180,1047
YwMEcKsq_R0,Yoga for Self and Society,EMPC-IGNOU,20240620,3205,283
ozzlSxcDp6o,International Yoga Day with School Children - Yoga for Self and Society,Divya Sai Institute of Yoga & Therapy,20240622,535,32
3siCZ0OOmKw,Yoga for Self and Society #yogaeveryday #habuild #yogaday,Swastha,20240622,12,23
MS4cYZRrCd0,😍Happy International Yoga Day 🧘🏻‍♀️|  Yoga for self and society 💯 🕉️| Yoga Challenge,Pooja Arya,20240621,117,44
hFpm0Q6hFTc,How to build a healthy society through Yoga,"Yoga Gita, Practising the Science of Consciousness",20160301,462,1937
eVqSWsY_HpQ,10th International Yoga day celebration / Yoga for self and society #yogafirselfandsociety #yogaday,OM yoga,20240621,2465,32
Z-5cexT4CaI,Yoga for self and society,Global Writing Corner,20240614,283,4988
PMv5_AtWlzM,Yoga for self and society….international yoga day … join yogamahostav @ Nirvana Yoga Fitness Studio,Nirvana Yoga Fitness Studio,20240620,136,54
JwKIX0R01pk,Pre- International yoga day | ‘yoga for self and society’| boat pose |,Anjleen K,20240620,24,49
7jc1TMMnEbM,Freedom from the Self: A Study of the Yoga Sutras with Ravi Ravindra - 4 | Theosophical Classic 2016,Theosophical Society,20260125,3716,696
aIuo_SLGMVc,Yoga for Self and Society | International YOGA Day | PSP KALA NILAYAM #Internationalyogaday #yoga,PSP KALA NILAYAM,20240621,206,160
ARaE7X4CLoU,PM Modi on 'Yoga for Self and Society' at Int'l Yoga Day in Srinagar | Amaravati Today,AT World News,20240621,64,0
HH6Dy5uoTCg,"YOGA for SELF And society.. purified Thoughts, Strongly Bound Society",VIRENDRA DR,20240621,75,6
ShS9Lelo9V8,"Observed International Yoga Day 2024 under the theme: ""Yoga for Self and Society "".",Government Secondary School Hathidhunga ,20240622,112,95
BrTzLPa_GkA,Yoga for Self and Society  #Internationalyogaday2024 #yoga #yogaday2024,Crazy Videographer,20240619,478,43
WwaHfZiLoXk,international yoga day...yoga for self and society,Explore the divinity,20240626,193,8
TBxnBuUNiBE,International Day of Yoga: Yoga for Self and Society | NESWSD 2024,Navjeevan neswsd,20240621,172,24
WG4UmATp1Vs,Webinar on   Yoga for Self and Society   20th June 2024,IGNOU BANGALORE,20240620,2116,52
VwdQtYw-F6E,International Yoga Day - Yoga for self and society🧘🏻‍♀️ ​Prenatal Yoga sessions ⁠@nurturehospital,Nurture Hospital,20240621,228,255
0wJKeCwiNTM,"10th International Yoga Day , yoga for self and society 🙏",Rebootwithnidhi ,20240622,167,7
np32NBA0XiU,"Happy 10th International Yoda Day | Theme 2024 ""Yoga for Self and Society"" | DYTTITUDE",DYTTITUDE | Diet Yoga Attitude Dyttitude,20240621,40,55
ODuBxm5P1FQ,A talk with Charu on International Yoga Day - Yoga for Self and Society,Mokshalaya - by Kankana,20240621,685,333
Sehy0gAyv2k,“Yoga for self and society“Happy 10th international yoga day 2024.#yogaday2024 #internationalyogaday,Nakhipot yoga sadhana kendra lalitpur 14,20240621,24,4
qQYRdiv6Uzc,YOGA FOR SELF AND SOCIETY❤️@Iampraptimehta#youtube #youtuber #viral #viralvideo #subscribe #love 💯,RhythmDancePrapti Mehta ,20240623,134,124
s3XjI9qlOCY,Yoga Essays - Self Improvement - Yoga Essays Part 1 (Swami Jyotirmayananda Society),Swami Jyotirmayananda Society,20230919,823,145
Cg_MlYk1wFs,Yoga for Self and Society. Yoga Day 2024. Yog Yogi yoga.,Yog Yogi Yoga,20240620,158,288
Qq0eWeCLcpg,"Celebration of 10th International Yogaday.    Theme of 2024 ""Yoga for self and society""",Prince Academy,20240621,509,66
KS1lN6AJwCI,International yoga day I Yoga for self and Society 2024 theme #internationalyogaday #latestupdate,Srishti GK,20240621,235,7
ei6Ih8NTqb8,Yoga for Self and society #internationalyoga #trending #yoga#reiki #yogadayeveryday #trendingshorts,"Suman Malik – Poetry & Power , content writer",20240619,89,3
uVvfdG6YyZE,l Yoga For Self and Society l International Day of Yoga 2024 l YOGA FOR ALL | ShivatmaYog,Shivatma Yog,20240620,192,52
d-wau41ipnA,21st June 2024  II Yoga for Self and Society II 10th International Day of Yoga II DRIEMS University,Sushanta Sethy,20240622,152,17
mX5OESuWuH8,#yogaday2024 #idy2024 #yogaday Mod2024#yoga for self and society,9 A Girls Bn NCC Kurnool,20240619,32,11
WnpukzPVEqk,Yoga for Self and Society: SMSIMSR celebrates International Yoga Day 2024 #yogaday,Sri Madhusudan Sai Global Humanitarian Mission,20240621,79,2928
osGhDKjhHWU,"International Yoga Day(Yoga for Self and Society) - CGISF, Fremont, CA, USA",OurTrip Videos,20240629,47,29
2t7ODAaZeFY,How does Karma Yoga lead to self-realization? | Selfless Work - Pure Mind,Vedanta Society of New York,20241111,828,14607
6u8UCktloYQ,#Yoga Day 2024 #Paradeep Yoga for Self and Society,Biswajeet samal,20240621,350,28
qyUybl8AFCA,HAPPY INTERNATIONAL YOGA DAY - Yoga for Self and Society🧘‍♀️🧘‍♂️  @homemadebazaar,Homemade Bazaar,20240621,92,12
yNQaVDeRj0c,International Yoga Day # Yoga for self and society # 10th International Yoga day,Yoga Se Hi Hoga I Giirish Anand,20240621,239,15
V_qBVguvIkc,10th International Yoga Day Celebration (YOGA FOR SELF AND SOCIETY),Indian Yoga Techniques,20240621,3371,450
zSLdcsEe94g,Yoga for self and society#internationalyogaday#21st June#longestdayoftheyear,"YOGA,DANCE AND TRAVEL FREAK GIRLS(GhummakadLadies)",20240622,64,8
nKn8YaL_n2U,International yoga day 2024.(Yoga for self and Society 🕉✨,HWC Nandugaon,20240621,110,28
sm6QLZDPFyk,2024 theme- Yoga for Self and Society.,DAVians Unite,20240621,45,25
i0SD-sKy5VM,"Happy international yoga day 2024 theme// ""Yoga for Self and Society.#yoga #weightloss",Dipsikha Vlogs(Moon) ,20240621,231,11
x_xKEKJrVXo,"Yoga for Self and Society Essay, International Yoga Day Theme 2024",Studiously Yours,20240619,157,443
uoSnDX-C43w,GLIMPSE OF INTERNATIONAL YOGA  DAY. THEME: YOGA FOR SELF AND SOCIETY.  🧘‍♀️🧘,VIBGYORS EM SCHOOL MUMMIDIVARAM ,20240621,60,45
FKM4aOluMsI,International Day of Yoga 2025: How India Is Connecting The World Through Yoga | World News | WION,WION,20250621,239,1541
6Q2VsWvIFrg,Sivananda Yoga Class - International Day of Yoga | 21 June 2025,"Sivananda Yoga Centre, Gurgaon",20250621,5426,6465
ha8MlYhTXyg,International day of Yoga - IDY 2025,Indian Navy,20250621,69,4708
BdD0OyQyzEo,PM Modi Performs Yoga on International Yoga Day 2025 in Visakhapatnam | Full Event | 21 June 2025,Sansad TV,20250621,2806,4712
O8cNxp5PqKs,"International Day of Yoga 2025, Yoga for One Earth, One Health, History, Theme & Global Significance",Arihant Online Academy,20250612,264,5582
vhJC5aCBf-Q,ISC Qatar | Rhythmic Yoga Display during Int'l Day of Yoga 2025,Indian Sports Centre,20250624,355,56122
FW-XzwNO1Pw,📢International Day of Yoga 2025: Just 2⃣ Days to Go!🧘,PIB India,20250619,32,957
l9DWNZ0T4Dg,International Yoga 2025: India Leads Global Celebration Of Unity and Wellness | WION,WION,20250621,283,525
6Ab0gUuhs4w,Watch LIVE: International Day of Yoga 2025 at The Art of Living International Center,Art of Living International Center,20250621,3430,3130
LG4WlJNuAb0,IDY Reflections | Episode 1 | International Day of Yoga 2025,Ministry of Ayush,20250723,1494,978
20Fn-9Yrf6Y,International Yoga Day 2025 | Significance & Theme | UPSC Current Affairs | Drishti IAS,Drishti IAS,20250621,344,72330
CusuNrovDJc,One Earth One Health | International Day of #yoga 2025 Theme Explained by Ma. Hanumantharao Ji,Vivekananda Kendra,20250615,1263,2262
GYBNtNIqEvM,"Promo | International Day of Yoga 2025 | Yoga for One Earth, One Health | LIVE from Visakhapatnam",Doordarshan National,20250620,21,3178
pTpoIxe_3C8,📢International Day of Yoga 2025: 5⃣ Days to Go!🧘,PIB India,20250616,24,1086
xgI2t7Ig4dg,"Yoga Day 2025 | How International Yoga Day Was Celebrated Across India, World",NDTV,20250621,112,3669
laKrFedAIYs,"21 Jun 25: International Day of Yoga Celebration 2025 | 7 - 9 AM | Yoga Wellness Center, BANGALORE",Yoga Wellness Center,20250621,8536,1368
C_zFb_au-B8,"International Yoga Day 2025 | From India to the World, How Yoga Changed The Way We Live",Oneindia News,20250620,125,9437
bj1jqaSsXvM,International Yoga Day 2025: The Rise of the Yoga Economy,moneycontrol,20250621,303,8106
CJ35YXZ2z78,Yoga Day M G SANVI | international yoga day 2025 celebration | iDream News,iDream News,20250621,161,7110
X0f2R6H98BQ,INTERNATIONAL DAY OF YOGA & WORLD MUSIC DAY 2025,DPS MIYAPUR OFFICIAL,20250714,3677,2200
e47u4UDfWOg,International Yoga Day | 21June 2025,Brookfield Properties India ,20250620,81,27888
pgfmCg6-Poc,"International Day of Yoga - 📍Capital City of Yoga, Rishikesh, 🚩Parmarth Niketan || 21 June 2025 ||",Parmarth Niketan,20250621,5750,3777
uTg5Hj67MsI,"International Yoga Day 2025 | Theme : Yoga for One Earth, One Health",Fact Navigate,20250609,447,3090
FKOpBDx-IMk,International Day Of Yoga 2025,BSF_India,20250621,5445,1705
Q1E2AbocGHs,"INTERNATIONAL DAY OF YOGA 2025 | 30 min, feel good, gentle vinyasa flow ✨",Arianna Elizabeth,20250621,1594,5836
mFKrbvCrs5s,"International Yoga Day 2025 celebrations with the Diplomatic Corps (June 21, 2025)","Ministry of External Affairs, India",20250621,5052,2710
Zi6BXd5OjrI,LIVE YOGA SESSION BY DR.TEJASWINI MANOGNA || INTERNATIONAL YOGA DAY 2025,Tejaswini Manogna,20250621,4050,37869
zYuEEmmziS0,International Yoga Day 2025 | #IndianArmedForces Lead with Strength & Serenity,"Ministry of Defence, Government of India",20250620,38,335
AWTD4P1OBJI,International yoga day 2025,OD-Rider-7111 ,20250621,148,11782
MVckEuCgVmY,"LIVE: PM Modi takes part in 11th International Day of Yoga celebrations in Visakhapatnam, AP",Bharatiya Janata Party,20250621,5365,10867
aoIxsKGu69I,International Yoga Day 2025 | Yoga Day theme 2025 | Yoga Day Speech | Why do we celebrate Yoga day,Aspirants Yard,20250620,183,713
FJdzGF3kDNw,International Yoga Day Celebration 2025 | Amba School for Excellence,Amba School for Excellence,20250620,85,11241
keKQxTcz74I,International Day of Yoga 2025,Christ Academy Media Production,20250621,88,1375
TaMHJzT5GD8,International Yoga Day Special Quiz - International Day of Yoga Quiz - Most Important Questions,MOM&MISHKA,20250617,399,2495
y2PQPmXPlzI,International Yoga Day 2025: PM Modi Leads Historic Yoga Session On Vizag's Coastline | WION,WION,20250621,415,1036
etHlu9QTTRM,"LIVE Coverage: International Yoga Day 2025 | Yoga For One Earth, One Health | PM Modi LIVE | N18G",CNN-News18,20250621,28892,37319
vzqMklQ5BsM,LIVE: PM Modi Leads International Yoga Day 2025 Event From Visakhapatnam | Yoga Day 2025,Times Now,20250621,20,6000
LO6uqfl4Dec,International Day of Yoga 2025 || Yoga for One Earth One Health,ki & ka,20250614,325,517
FuYLXHEGwDo,🎉🧘‍♀️ International Yoga Day 2025 – Celebration Highlights | Bethesda School Byrapura 🧘‍♂️🌿,"Bethesda School, Byarapura, HASSAN",20250622,28,798
I_q5U4GJda0,International Yoga Day (Redmond) - 2025,Madhu Rajanna,20260519,105,21
eJ86TdGHuEA,Yoga Day 2025 LIVE: Indian PM Narendra Modi Takes Part in International Yoga Day 2025 Celebrations,Firstpost,20250621,4430,2582
CaQwpE-D-uQ,योग गीत - International Yoga Day Special 2025| विश्व में शांति रहेगी योग से #yogamusicforexercise,Hari Singer Patanjali,20250618,320,534231
6WjueVfA_i8,"World Celebrates 11th International Yoga Day 2025 Across 1,300 Cities Globally | India Today News",India Today,20250621,580,814
MAoKHa-fj0E,International Yoga Day 2025 | Yoga Performance | Bliss Yoga Udupi,Bliss Yoga Academy ,20250621,220,1602
NRukKF7Or1o,Yoga Day 2025 | 11th Yoga Day Celebrations: Nation Unites In Yoga Bliss,NDTV,20250621,342,31948
1W5pKg3bbss,"International Yoga Day 2025 | Celebrated at GIET University, Gunupur | Yoga for Wellness & Harmony",GIET University Gunupur,20250621,26,468
rvqx3ykMPUw,Celebrating International Yoga Day 2025 | Yoga with Nivedita – Breathe | Align | Elevate,Nivedita Pradhan,20260510,309,70
UtZhEoHiido,International Yoga Day,The Lyrical Lanterns,20250506,198,96
w00785UPnbw,11th International Yoga day 2025,OM YOGA GROUP MORBI,20250620,328,1920
5zV7Wb_cKCk,International Yoga Day - 2025 #yogasehoga #yogaday,Women's Dhamal with Little Stars,20250615,32,585
EUpZera75k8,World Meditation day & Yoga Highlights 2025,Buddha-CEO,20260510,118,288
IjxKPrNP3vQ,Gurudev’s Message on the Power of Yoga | Yoga Day 2025 Colombia,Gurudev's World,20250623,569,2312
euediogFLv4,Yoga Day Speech in English 2025 | International Day of Yoga Speech in English 2025 | Yoga Day Theme,Swati Dey,20250617,208,1223
R3BwAGO5gM4,"Mindful Earth, Peaceful People | International Yoga Day 2025 #yoga",EVAULTO,20250617,72,929
Sjcx36ylebg,Irisian celebrating International Yoga Day 2025,IRIS INTERNATIONAL SCHOOL,20250623,286,696
C1KafektaEc,International Day Of Yoga 2025,TTT Live Online,20250621,164,565
2w-hnpJLI0g,INTERNATIONAL  YOGA DAY - 2025,Sai Angels Chikmagalur,20250621,47,907
ZaA653fHNbI,"International Yoga Day Celebration 2025 -26 St Jude English Medium School, Pakshikere",ST Jude English Medium school,20250621,107,807
eWjwbFEcIes,International Yoga Day 2025,IIT Kharagpur Official,20250623,7998,731
znl48C9WgYQ,"Common Yoga Protocol-Hindi (Full Version), International Day of Yoga - 2018",Morarji Desai National Institute of Yoga (MDNIY),20180606,3716,409944
ICZ5cKz14uw,International Yoga Day 2025,"Dronagiri High School English Medium, Karanja-Uran",20250621,328,939
t-mknfY6GIY,International Yoga Day/Yoga series Ep1️⃣/ Do Yoga with Us,Youth Veerangnayen,20230621,718,68869
Z-p2ze9jecw,International Yoga Day Drawing | Easy Yoga Day Art|Yoga Day 2025 Drawing|Simple Yoga Poster idea,Science Scribbles,20250618,640,894
U8tPNIJgIdk,International Day of Yoga 2025 with Gurudev from Colombia | Live Meditation,Gurudev Sri Sri Ravi Shankar,20250621,2023,56988
QBuUEdQ3r_c,"Yoga Day 2025 | Ahead Of World Yoga Day, Bikaner Youth Practice Yoga On Scorching Sand Dunes",NDTV,20250620,142,1017
e6VrBKMUWdE,International Yoga Day 2025 | Wellness for People & the Planet 🌍🧘‍♂️,Link Bharat,20250621,116,2030
PbLy3_7DPs4,Unleash Your Inner Yogi: Celebrate International Day of Yoga 2025!,Computer Guru,20250621,798,762
_czzoFZX0hE,International Yoga Day 2025 II Basil Woods School,"Basil Woods School, Hyderabad",20250621,103,1078
RksEiQ09rGM,International Yoga Day Celebrations 2025 - Yoga for One Earth One Health,Diva@2speaks,20250624,1565,920
LrMK9WrQ3SU,International Yoga Day 2025: PM Modi Leads Celebrations; New World Records Made | N18G,Firstpost,20250621,425,25978
1hxz_M2JSsI,CELEBRATION OF INTERNATIONAL DAY OF YOGA  & YOGASANA COMPETITION-2025 Highlight #yogapractice,DTU Studio,20250624,137,604
h7cDzRJTBqE,"International Yoga Day 2025: मोदी का योग मंत्र, अचूक अभेद्य सेहत का फ्रंट | Top News | Speech",Bharat 24 - Vision Of New India ,20250621,324,332
EnuEIlD82nM,International Yoga Day 2025 - Day 1 (Prayer & Asanas),SRDAV Resource Centre,20250618,1121,1199
7Va1b0AOSsg,Yoga Day 2025: PM Modi Leads World's Largest Yoga Gathering In Visakhapatnam | WION,WION,20250621,328,1159
DrSUWq4R_Uw,YOGA- International Yoga Day - 2025 - Peace ON The Street - Blessing House #song #trending #yoga,B.K. Dr. Reena,20250625,326,518
Pic_WNIkM2o,INTERNATIONAL YOGA DAY 2025 -THAMARAI INTERNATIONAL SCHOOL PATTUKKOTAI,THAMARAI INTERNATIONAL SCHOOL THANJAVUR,20250622,56,1880
NQkMW-u_Yqw,"Yoga Day 2025: PM Modi’s ‘One Earth, One Health’ Message Unites Wellness & Sustainability",DD India,20250621,179,1639
2pEUxdJxm3U,International Yoga Day 2025,Nippon India Mutual Fund,20250621,4620,307
9JF7XB--NfY,11th International Day of Yoga Celebration,Consulate General of India Frankfurt,20250626,117,30
CifvyJWnZxQ,International Yoga Day 2025: Exploring Yoga's Evolution From Ancient Practice to Modern Phenomenon,India Today,20250621,1834,1250
7gZ2hpcA-E0,"INTERNATIONAL DAY OF YOGA 2025 - YOGA FOR ONE EARTH, ONE HEALTH",ICAI CA Tube,20250621,19851,2145
FuJ8ggFiR_I,CELEBRATING INTERNATIONAL YOGA DAY 2025,St. Stephen's Iconic School,20250621,129,1031
f0l1TH8N3fQ,International Yoga Day quiz in English 2025 | Quiz on Yoga Day | International Yoga Day 2025,Achoose World,20250616,653,6914
XgPRT2axJUM,IDY -2025 - Yoga Sangam 2025 - 6 AM - 22062025 - MS,wswd 2025,20250622,5062,36
-8kiR-YOgsY,IDY 2025 protocol(ENG HU),Yogahitha Foundation,20250618,3051,87
_Clih3Gxw8w,CGI Jeddah celebrates International Day of Yoga (IDY - 2025),Consulate General of India Jeddah,20250623,158,62
DPyvzFfcVxo,Countdown to IDY 2025 | Yoga Unplugged | Yoga for Young Mind | Shri. Vidyut Jammwal & Kaivalyadhama,Kaivalyadhama Yoga Institute,20250611,4959,3049
iNE_0MHCPBg,IDY -2025 - Yoga Sangam 2025 - 6 AM - 22062025 - ES,wswd 2025,20250623,8321,44
_Yw5vdlCb84,"Yoga for One Earth, One Health | IDY 2025 Thailand | Governor of Bangkok on Why Yoga Matters",Indo Thai News,20250623,596,151
h1OxpsDKpHM,Common Yoga Protocol Hindi Full Version International Day of Yoga-CC,Ministry of Ayush,20190329,3185,332995
lviLklNIk2Q,🌿 International Day of Yoga 2025 Celebration | The Yoga Traveler | IDY 2025 Highlights,The Yoga Traveler,20250626,228,37
REcI14WYLfg,IDY 2025 - YOGA SANGAM 2025 - 6 PM - 21062025 - ES,wswd 2025,20250622,8427,40
RXs8cHWBRq0,Celebrate IDY 2025: Yoga for Earth and Health in Just 2 minutes,RNA,20250620,115,32
FRDkNG00khU,"Highlights of the International Day of Yoga (IDY) 2025 Celebrations in Bogota, Colombia.",Embajada de la India en Colombia ,20250903,151,16
dU0Y-ZTNYxo,International Yoga Day -One day Count down Programme of IDY 2025,AIIAGOA,20250315,2970,867
QlpDBRtZX8o,🌿 Yoga Protocol 2025 | International Day of Yoga (IDY 2025) 🌿,YogAbhilasha,20250617,219,246
WWvE-QGVmAM,Yoga and it's Popularity | Over Years | Special | IDY 2025 | DD India,DD India,20250619,153,3883
GzkKnhOvqiM,"Flagging off International Day of Yoga (IDY), 2025",CGI Shanghai,20250722,54,2
t6B6jkuUHEo,Curtain Raiser Press Conference on International Day of Yoga (IDY) 2025,Ministry of Information & Broadcasting,20250612,2016,17
NOK9-J_s3_8,IDY 2025,Davin's Fun Time,20250615,191,8
JufwIJc5aSY,IYCHK IDY 2025 Story of Yajnavalkya,Iyengar Yoga Centre of Hong Kong,20250713,1201,20
3iZ5WMvDy_4,Celebration of International Day of Yoga (IDY) – 2025 | 21 June,AmityUni,20250621,6428,652
ZPvjYdERaEI,Yoga activity idy 2025#internationalyogaday2025,Nikunjyog,20250621,261,26
3zACOxsxXsg,I&B Ministry celebrates IDY 2025 | DD India,DD India,20250621,58,75
bccEoJ0G6qE,IDY 2025 prep event held in Shanghai,DD India,20250528,48,122
nvMRN2bf0zY,IDY 2025 Day 1 (Protocol Session),Yogahitha Foundation,20250606,3167,133
-4zfwCjtwQo,IDY 2025, NIA Panchkula,20250602,10,29
r_s9fyqBDDg,IDY -2025 - Yoga Sangam 2025 - 6 AM - 21062025 - MS,wswd 2025,20250621,6952,74
zdIgtTxEzv8,Yoga for addressing Mental Health challenges - IDY 2025 Message by Dr. Jitendra,Vasudeva Kriya Yoga With Rajendra,20250616,489,45
lwld6izt6cA,RGU Successfully Organized Common Yoga Protocol Practice to the IDY-2025 #idy2024 #ayush #yoga #fit,e-Physical Education,20250522,5889,75
ZKbE0otIDaE,IDY 2025- BREATHING & MEDITATION SESSION,Ashima Gupta (VedaQHealthfulness),20250623,1481,55
BuMqyp2e69U,Curtain raiser Yoga 2025 | Guyana | IDY 2025 | Yoga | Guyana heritage #yoga #video #ytshorts,Vamadeva Yoga,20250530,82,46
gSBWffqHkss,Sanatana Yoga Vignana Kendra @IDY-2025- Ms.Roshini,Sanatana Yoga vignana kendra,20250624,23,50
aQ3znaD0cCg,Thank You Japan - Celebrating the Success of IDY 2025,"Embassy of India, Tokyo インド大使館、東京",20250625,3325,71
2m6v_njz3bo,10th International Day of Yoga | IDY 2025 | Guyana | India | Yoga for all #video  #yoga #viralvideo,Vamadeva Yoga,20250501,53,42
30QDbjhzBaI,👉Yoga training session before IDY-2025👈,Yoga Instructor Karan,20250526,18,49
-qBsODoJEPU,The 11th International Day of Yoga (IDY) - 2025 celebration in Jammu.,EARLY POST DAILY NEWSPAPER,20250621,518,12
P5on4xVU2eQ,IDY 2025 - a Message from 10 year old Adya -  Mindful Mastery through VK Yoga,Vasudeva Kriya Yoga With Rajendra,20250617,77,41
UqFEcKCGCRI,Curtain Raiser  Event of IDY-2025 at New Development Bank,CGI Shanghai,20250723,45,1
S0bIJVsW6kg,Skysat Newsreport IDY 2025,ISCM of Sri Balaji Vidyapeeth,20250624,93,22
DMcqcYaidyw,IDY - 2025 Celebrations @SREC by Yoga and Meditation Club on 21/06/2025,Yoga SREC,20250623,27,31
Uyr5O1Twadg,IDY 2025 | Madagascar,Dr. Yogendra Singh ,20250628,127,43
dGKd7pdpdJ0,celebration of 11th IDY 2025 At cluster HSS Chak Rakwalan/#IDY2025 #InternationalDayofYoga2025/#yoga,Principal HSS Chak Rakwalan,20250621,62,187
cFooVAkqFiU,IDY 2025 - a message from 8 year old yoga student - Arjun,Vasudeva Kriya Yoga With Rajendra,20250617,115,55
SPWeCdEFZDY,"BYK'S Special Podcast for IDY 2025: Yoga for One Earth, One Health",Bharat Yogavidya Kendra,20250621,2293,772
Fwnbqyr6nvM,Yoga Sangam IDY 2025 Test,Priyanka's Yoga Studio,20250620,195,10
h_3xhGmBEW0,"# IDY 2025 TGTWURJC Boys, Jinnaram Part 2 Video",Pancha kosha yoga,20250715,118,77
GlkYMhn_IyY,IDY :INTERNATIONAL DAY OF YOGA (2025) CELEBRATION,EMRS KURUPAM,20250621,37,81
rOp0boxgcHs,Balance • Strength • Peace | IDY 2025 | Formation Yoga  | Unity in Motion 🧘 | NIT Rourkela,Gleam,20250623,628,27
i-Nuc_L4mio,Workplace Wellness with Yoga | Yoga Day (IDY 2025) Special for Professionals,"HealThyRam - Wellness of the Body, Mind and Soul",20250621,2879,16
HV93s9jRkdY,IDY 2025 #yoga  #healthylifestyle #artofliving #idy2025 #meditation #healthawareness #dhyan  #health,RAJ KUMAR SHARMA,20250621,192,124
FMKB_BVupYA,It's all about IDY 2025 ✨🪷,Nazar Gupta💓,20250622,90,28
PuUFl4VchH8,Bhadrasana | Baddha Konasana | IDY 2025 | Nirogi Duniya,Nirogi Duniya,20250509,181,63
Uk2MNaV2cW8,IDY 2025 MRTV Media Coverage Myanmar : Ankita Sood,Dr. Ankita Sood Yoga,20250608,179,81
VuWWSufO4as,"Celebrating the Spirit of Yoga on International Day of Yoga, IDY 2025 🙏",BSDT Yoga,20250621,224,13
UxnQCbsBc2c,International Day of Yoga ( IDY -2025) celebrated in Eastern Railway with great zeal and enthusiasm.,Eastern Railway,20250621,37,7
lnnW0UvLkjw,IDY 2025 Common Yoga Protocol,Kankidham Arogya Kendra,20250701,53,48
Dq5nE-NDJxU,IDY 2025 HMT,GOVT. AYU. DISP. GH HIMATNAGAR,20250621,321,1
6u2Az-WuzVA,IDY 2025 Latvia _ Interaction and Polemics of Western Spiritual Culture and Vedic Tradition.,LU SISI,20250628,4333,91
Ak0uTdv5kEo,Aqua Yoga By Kaya on IDY 2025 🏄,"Kaya International Yoga Studio, Narsinghpur(MP)",20250622,44,20
_uNzZEEOHsQ,Harit Yoga (Plantation Event) 11th IDY 2025,Kankidham Arogya Kendra,20250701,25,19
2kKVITRbaD4,IDY 2025 | Yoga Alliance | Yoga TTC,SAURABHYA,20250815,232,73
T9W6XoM-x4A,IDY Reflections | Episode 3 | International Day of Yoga 2025,Ministry of Ayush,20250731,1236,531
fZ269RBWrIg,"Glimpses of IDY 2025 Celebrations 🧘‍♂️ at BYS  Indira Park Center 1,",raja narasimharao,20250622,226,246
2ZYvUAqRYcA,IDY 2025 108 SURYANAMASKARS WITH SHOULDER OPENER,Ashima Gupta (VedaQHealthfulness),20250623,2403,37
PcRqCO_wOd4,Formation YOGA by YOGVIDYA Club || NIT Rourkela || IDY 2025,OMW JEE,20250623,627,71
GPhQyNUyx9c,－切也願意 Idy 2025-9-11,Idy Cheung,20250911,225,16
IezG36fLMoU,IDY 2025,GBSSS NATHUPURA SCHOOL 1207110,20250621,29,21
riKrz4kinQM,Yoga Day Protocol : Quick View | IDY 2025 | Nirogi Duniya,Nirogi Duniya,20250519,120,3529
KyMWQmiKzyk,IDY 2025 Yoga Practical Session,DrNavasakthi,20250623,1682,29
KZa6YfdR4Vc,YOGA BANDHAN 2025 | IDY 2025 | Secrets of Yoga Therapy | ISCM | Live Holistic Wellness | IYA,Live Holistic,20250706,5638,55
LQllvEizyM0,IDY Reflections | Episode 2 | International Day of Yoga 2025,Ministry of Ayush,20250726,1181,650
v3j7ODYGd0s,Ardha Chakrasana Yoga | अर्ध चक्रासन | IDY 2025 | Nirogi Duniya,Nirogi Duniya,20250507,96,39
Xr7UpJjARrQ,"MDNIY Yoga Podcast Ep.1 | IDY 2025: Organise Yoga Sangam – One Earth, One Health",Ministry of Labour and Employment,20250611,216,69
uZLjeYZS9Ng,"Highlights of IDY 2025 celebrations by Ministry of Minority Affairs at Shanti Stupa, New Delhi",Ministry of Minority Affairs,20250621,59,80
hZkdJw2n5G4,YOGA UNPLUGGED | IMMERSIVE COMMON YOGA PROTOCOL | DAY 5 | IDY 2025 | 16 JUNE 2025,Kaivalyadhama Yoga Institute,20250616,1835,377
JXXZD1BQqBY,"IDY 2025 Observance by the Regional Research Institute of Unani Medicine, Habak, Srinagar, J&K",Research Institute of Unani Medicine srinagar,20250627,219,27
GpWHLMVk0xU,Practice Of 11th international Day Of Yoga 2025🧘🕉️ #idy 2025#21june2025#yogi #yogapractice #yoglife,Pooja Gautam ,20250620,129,7
8c5XwUaJ5ZE,IDY Countdown-2025 | Yoga protocol of ministry of Ayush | Yoga for beginners | my yoga my way| #Yoga,Yoga with Dr.Sasanka Sekhar,20250620,1420,76
BfmTN-RJ9so,"Yoga for One Earth, One Health!",Mitra CanCare Foundation,20260525,372,18
UZ8Er3yfWQQ,"Yoga for One Earth, One Health",Peace Drops for EcoRestoration,20250622,219,24
eio-fZMds7E,Yoga for one Earth one health,MS Fitness ,20250621,152,43
Ctix1E-BF0s,#Yogandhra2025 #InternationalYogaDay2025 - Yoga For One Earth One Health,AP Digital Corporation,20250528,75,1578405
J2Y1TJwWKyM,"International Yoga Day 2025 | Yoga for One Earth, One Health",Amrutha Bindu Yoga,20250624,810,133
ILCTA8h9nMA,"Yoga for One Earth, One Health",AKTU Digital Education,20250621,4258,1211
FOpyG1xM0SE,Yoga For One Earth One Health,ManavRachna Yoga Kendra,20250623,32,40
gZi7H-scLCA,"International Yoga Day 2025 – “Yoga for One Earth, One Health”",Malika,20250621,30,0
kMvjE4XbbSU,"Yoga for One Earth, One Health | What Yoga Really Means in 2025",YogaPartner,20250622,236,6
Is43iSzaa4I,"International Yoga Day 2025 | Yoga for One Earth, One Health | Evergreen Public School",EVERGREEN PUBLIC SCHOOL,20250623,103,260
z0xjLB12GYY,"Yoga for ""one earth, one health"" by Dr. Mahesh Arvind",PRAJNA FOUNDATION ,20250621,1420,120
zJFk62RSVVY,"Perspective: Yoga for One Earth, One Health | 19 June, 2025",Sansad TV,20250619,1773,4486
5N24-_8xXQo,International Yoga Day 2025-   Yoga for one earth one health - significance,HOLISTIC YOGA,20250621,842,155
tAYDAz0xctI,"Yoga for Beginners ~Yoga for One Earth , One Health ~",AIR NEWS KOHIMA,20250620,981,37
cfSJh6lQGUM,"Yoga for One Earth, One Health",BHUMISUTO THEATRE,20250621,134,27
7v0PIHCXlUU,"International Yoga Day 2025 | Yoga for One Earth, One Health 🌍",AJ FITZONE,20250621,240,23
SuZSLw-Pcw0,"Regional Director Saima Wazed on 'Yoga for One Earth, One Health'",World Health Organization South-East Asia Region - WHO SEARO,20250623,109,214
lmSGD0I_Xao,"Yoga for One Earth, One Health | Dr. Komal Prasad on the Power of Yoga",Narayana Health,20250623,196,89
rUuJE4YEVMw,"Yoga for One Earth, One Health: KVS Celebrates International Yoga Day 2025!",KVS HQ,20250620,236,896
EqpndsJf1Ng,Yoga day special poster 2025 | Yoga day drawing | Yoga for one Earth one Health |Easy drawings,BhavaniArtAcademy ,20250618,503,993
xsf1eHv_vSE,"International Yoga Day 2025 | Yoga for One Earth, One Health 🌍",Beginners Yoga,20250621,5054,954
_8IpP4tZP4k,"11th International YOGA Day 2025-Yoga for One Earth, One Health: Event Highlights Watch Now.",Advaita Yoga,20250630,217,92
75BLUGP7kmE,"Yoga for One Earth, One Health",AIRS ,20250621,54,145
WEjHA0rWaJ4,"🌿 Yoga for One Earth, One Health – A Celebration to Remember! 🌍",Arham Dhyan Yog,20250709,136,772
WDhvcUSkggo,"Yoga for One Earth, One Health  #internationaldayofyoga2024   #YogaForOneEarthOneHealth #Yoga2025",Master Mind Ai,20250621,64,6
ucLh0_3oE6Y,"Live:- Yoga Connect 2025: A Global Summit on 'Yoga for One Earth, One Health' 🌎",Ministry of Ayush,20250614,13871,2669
hSPBcQJ4Tx8,"Yoga for One Earth, One Health | Sudip Some’s Wellness Journey at The Tamara Coorg",Tamara Leisure Experiences,20250621,110,23
u-ExPW6VGTE,"Yoga for One Earth, One Health | International Day of Yoga 2025 at MEHT, Glasgow | SAN TV Exclusive",SANTV UK,20251106,1688,49
U8Xap8TH2kM,"Yoga for One Earth, One Health",NWRailways,20250619,15,1
xteGOc87tV8,"TCEI Celebrates International Yoga Day 2025 | 'One Earth, One Health' | Hitex",Hybiz Now,20250621,194,35
hEvQgTEe5eY,"International Yoga Day 2025 Celebration | Yoga for One Earth, One Health",Vadodara Airport ,20250621,154,7
aBw1tuS36HY,"Yoga for One Earth, One Health | CircusInc",circusincevents,20250702,69,7
5MVOvOpQYOw,"International Yoga Day: Millions unite for 'One Earth, One Health' Theme | India Today",India Today,20250621,259,253
69w_iBdREDA,"Yoga for One Earth, One Health | Triton’s Perspective on Wellbeing at Work and Beyond","Triton Logistics & Maritime, Abrao Group Company",20250621,27,77
jKJWQkQWlTI,5 best healthy habits #challenge #2025 | international yoga day 2025 (one earth one health),habit of yoga ,20250617,114,13
hiYhJtcB1eg,"International Yoga Day 2025 at DGI | Yoga for One Earth, One Health | Guided by Mrs.Laxmi Chaturvedi",Dronacharya Group of Institutions,20250621,85,57
lAzBdzQKjVw,"Yoga Day 2025 | Yoga for One Earth, One Health 🌍 | Morning Yoga Routine for a Healthy Life",Yog Yogi Yoga,20250620,90,50
Fnm7zP9oKZc,"TCEI Celebrates International Yoga Day 2025 with 'One Earth, One Health' Theme at HITEX",Silver Screen,20250621,293,16
OumubmGN4zo,"International Yoga Day 2025 | Yoga for One Earth, One Health | 21st June Celebration",DM Khowai,20250624,107,15
6UOIkxAUvyE,"Flowing Together: FCI CCM’s Yoga Day Commemoration of One Earth, One Health",FCI CCM,20250624,65,39
efbMFVYfZhA,"Yoga for One Earth, One Health Poster Drawing Ideas 2025 | International Yoga Day 2025",Fact Navigate,20250609,555,5430
0xBMWCpm-ZY,"Yoga for One Earth, One Health - Aayush Hospitals",Aayush Hospitals,20250621,95,214
DPtEb0p905k,"INTERNATIONAL YOGA DAY- 2025  *YOGA FOR ONE EARTH ONE HEALTH* ""GYAN & DHYAN MUDRA""",RAJ ENGLISH SCHOOL,20250622,157,1086
y7ANpURzWsQ,Happy International Yoga Day   # “One Earth One Health “,Nanda Donkanavar,20250624,211,17
VXxv1V4_7qg,"Happy International Yoga Day 25 'Yoga for One Earth, One Health'Let's celebrate ancient India's gift",Capers Corporate Wellness,20250623,42,13
ahO5rVyXtBw,"International Yoga Day -'Yoga for One Earth, One Health' #yogaday #yogaday2025 #yoga #health #world",Vishwashanti Darshan,20250621,51,46
niR_ZJu_Gc0,International Yoga Day 21 June 2025 | Yoga For One Earth One Health | IYD25 #Samneghat #pmmodi #yt,DK Yoga Tech,20250624,561,51
vbj8NYZbiXI,"yoga day celebration | Yoga for One Earth,One Health | 21st June 2025 | Surya Namaskar | Yoga forAll",Wunderbar Sisters,20250621,139,56
rjiuiSiihlE,#yoga#for#one#earth#one#health#lb#stadium#,Middelaganeshyogaofficial,20250620,56,36
uxx6xQuwAuM,"TCEI Celebrates International Yoga Day 2025 with 'One Earth, One Health' Theme at HITEX",NewsQube Channel,20250621,293,72
vga8bkCMCEw,"Hema Malini Inspires: Embrace Yoga for One Earth, One Health on June 21, 2025!",Pop Culture Insights,20250614,151,4
atUqSETYmmo,"Yoga for One Earth One Health - Celebration of International Day of Yoga - 21st June, 2025",CGI Shanghai,20250723,61,0
nvvUpRFYpZk,"INTERNATIONAL YOGA 🧘 DAY 2025 |Yoga for One Earth, One Health Simple, Yoga flow for Beginners",VEDA'S YOGA,20250621,80,88
wMBxhXhRgoQ,Happy International Yoga Day One Earth One Health,The Light,20250619,212,13
xOQ1qzDTq0o,"Yoga for One Earth, One Health!#gkckrishnanagar",Global Knowledge Campus,20250623,61,29
20_bSi-V888,"Yoga for One Earth, One Health | International Yoga Day 2025 @I'm Possible Fitness studio",  Yoga | Weight Loss & Healthy Life | Seema Mehta,20250620,311,264
qMOqrQLJch4,"International Yoga Day 2025 🌍 | Yoga for One Earth, One Health | Global Celebration Highlights",Buddha Dharma ,20250623,299,119
JmBgTeRirG8,"“ Yoga for One Earth, One Health” … Happy International Yoga Day 2025",Chilanka Dance and Music,20250621,105,118
sVSCtESeD4E,"11th International Yoga Day | One Earth, One Health.",The Yogic Life Way of Life,20250622,238,174
lgw4BkLmugU,"YOGA FOR ONE EARTH, ONE HEALTH",PTJM Gorakshini,20250621,215,624
srbLBHWzPIA,"'Yoga for One Earth,One Health' : 11th International Yoga Day,2025",Probasinir' Swapnodeep#Sriharikota..🙏💓,20250621,107,28
GqQu2ZW-rUA,"International Day of Yoga 2025 | One Earth, One Health | Mauritius",Abhyas School of Yoga,20250621,169,224
JB-0zDl0UpQ,"International Yoga Day 2025 Status| Yoga for One Earth, One Health | Happy Yoga Day 2025 status|",PRJ Education,20250620,19,55
APYeSdP7oOU,"International Day of Yoga| YOGA FOR ONE EARTH, ONE HEALTH|","HOWRAH DIVISION, EASTERN RAILWAY",20250619,36,5
AaancuXrLT0,"11th International Day of Yoga 2025 | Yoga for One Earth, One Health @cutmodisha7103",Jeevitam Yoga,20250621,4122,58
vU8m8teYroQ,Happy International Yoga Day One Earth One Health #happiness #mindfulness,The Light,20250618,115,16
hhBk9OFBFWk,"Celebration of International Yoga Day 2025 ! ""Yoga For One Earth, One Health""",Swami Yogmata,20250701,373,45
FG6m2iBW7qQ,"""Yoga for one Earth, One Health ""International Yoga day 2025 at NAMCE 🥰🤍💚",Lipika sarkar,20250622,236,9
Wl1FCBaqLWk,Happy International Yoga Day One Earth One Health #happiness #mindfulness,The Light,20250620,34,17
Cce_0M4E7Nw,"PRE IDY2025 - Yoga for One Earth, One Health & the Spirit of Sardar150",WorldMiTR,20250620,244,12
Bf97RqytioI,"INTERNATIONAL YOGA DAY  ""YOGA FOR ONE EARTH , ONE HEALTH """,tushar_create,20250621,203,88
nQmVhIS8fJI,International Yoga Day 2025 (Imperium senior secondary school ) One Earth One Health 💐💐💐💐,UNTANGLE # BY Mamta Joshi,20250621,162,69
acDFS8j7MCs,What is the Common Yoga Protocol (CYP)? | International Day of Yoga 2026,Morarji Desai National Institute of Yoga (MDNIY),20260601,155,229
QuGLcWPyvRQ,International Yoga Day 2026 | Yoga for Healthy Ageing | Can Yoga Slow Aging?,Fact Navigate,20260530,600,62
Fo9RonC90iQ,🌿 *YOGA WELLNESS FESTIVAL 2026* 🌿✨ *This International Yoga Day.🔥,Homey official ,20260531,5,2
UInzQ1ZCR0E,International Yoga Day 2026 | English Jingle Contest @ministryofayushofficial@MyGovIndia #OPRK,OPRK Entertainment,20260401,30,327
ELZoNtZEWp8,We are delighted to announce the #InternationalDayofYoga2026 celebration at the UN on 18th June 2026,India at United Nations,20260501,51,112
DJEJTvb-xI8,"International Yoga Festival 2026📍 Parmarth Niketan, Rishikesh | Day 6: Yoga, Music, Ganga Aarti",Parmarth Niketan,20260315,146,785
KwuXXx_QTaE,"International Yoga Festival 2026📍 Parmarth Niketan, Rishikesh | Day 3: Yoga, Music, Ganga Aarti",Parmarth Niketan,20260312,165,786
cQd85Evi0ak,Embassy organized International Day of Yoga celebration in Haapsalu on 30.05.2026,India in Estonia,20260601,61,3
D46TlqnV0hE,International Yoga Day 2026: 25Day Countdown Online Inauguration,The Arogya Yoga Trinetr Insight ,20260530,2809,162
r9znsaHXTM0,UN International Day of Yoga,Ireland India Council - IIC,20260508,48,16
2n0QnHGn6K4,"Yoga for one Earth, one health. 🧘21st June DAY.",REPRESENT भारत ,20250621,527,26
CiTE8F5tyqE,"11th International Yoga Day | Yoga for one Earth , one Health | organised by AID & INO |",AID Knowledge Center,20250621,446,152
6M0tonInnPo,11th International YOGA DAY//one Earth one health//,Soma and Kids,20250622,452,68
sR2S1gh9s30,"Yoga for One Earth, One Health","Dept. of Animal Husbandry & Dairying, MoFAHD, GoI",20250620,57,22
IwZQp9Yq1TI,Yoga for All | Know your Breath | 21 Days IDY 2026 Challenge,Yoga 4 Unity,20260601,5251,6064
zXhyG_rJdko,Kolkata To Host International Yoga Day 2026 With Prime Minister Leading Healthy Ageing Theme,India Today,20260529,91,442
uQg6BrQaXOM,"International Yoga Festival 2026 – Day 1 Opening | Parmarth Niketan, Rishikesh",Parmarth Niketan,20260310,152,1464
8hUGNFsoGnA,"International Yoga Festival 2026📍 Parmarth Niketan, Rishikesh | Day 7: Yoga, Music, Ganga Aarti",Parmarth Niketan,20260316,197,1110
Ltpr7aSX6Cs,International Day of Yoga 2026,Minz boy21 ,20260328,1247,38
mtE7UXC5mKo,International Day of Yoga 2026 Quiz (अंतर्राष्ट्रीय योग दिवस 2026),Prime plus,20260327,152,238
pN4Wv_8DDT0,International Day of Yoga Uttarakhand Anthem,ReNature,20260531,67,3648
NyvUjHDa0JY,"International Yoga Festival 2026📍 Parmarth Niketan, Rishikesh | Day 4: Yoga, Music, Ganga Aarti",Parmarth Niketan,20260313,146,889
VLf_UT-d_Ao,Yoga Mahaotsav | 100-Day Countdown To International Yoga Day 2026 Begins In New Delhi | News9,NEWS9 Live,20260312,224,197
YLY5hrkQgWY,"International Yoga Festival 2026📍 Parmarth Niketan, Rishikesh | Day 2: Yoga, Music, Ganga Aarti",Parmarth Niketan,20260311,162,849
jZeHD7ysyfw,International Yoga Day 2026 Countdown | Day 92 Celebration at Darshan University | Highlights,Darshan University,20260321,80,471
GNkzC89EQ2I,"International Yoga Festival 2026📍 Parmarth Niketan, Rishikesh | Day 5: Yoga, Music, Ganga Aarti",Parmarth Niketan,20260314,161,800
Q1LCTtFX_Fs,Madhav University Hosts Grand 100-Day Countdown to International Yoga Day 2026 | Yoga Mahotsav 2026,Madhav University,20260601,91,33
Iyx7desT8h8,🔴 LIVE | Yoga Mahotsav 2026 — 25 Days to International Day of Yoga 2026,Morarji Desai National Institute of Yoga (MDNIY),20260527,8100,9137
HUKYhsVz0wg,"International Yoga Festival 2026! Parmarth Niketan, RISHIKESH!",Parmarth Niketan,20260307,102,911
Sh4ElhPZvNo,International Yog Divas 2026 | विश्व योग दिवस 2026 में कब है | Yoga Day Date 2026 | Yoga Day 2026,Nayi Drishti,20240623,102,1153
5CcU1NqVTtc,YOGA DAY 2026,Sunshine Prep. / High School,20260511,11,38
t_zfJ5nLQv8,Yoga for All | Focus on Lateral Bend -  21 Days IDY 2026 Challenge,Yoga 4 Unity,20260602,4098,4520
3PKwdy_7Ttg,"The ""Yoga for All"" campaign, dedicated to the upcoming International Yoga Day in 2026",IYO® International Yoga Organisation,20260508,36,32
tFXn_fCk0Hw,International Day of Yoga 2026 | Yog Geet / Jingle Contest Entry,Shubh Pandey,20260407,30,13
IWvpnj7A008,Third day International Yoga festival Rishikesh 2026,Rishikesh Writings,20260311,1054,135
9EeNQztW8_U,"Curtain Raiser for International Day of Yoga 2026 at Embassy of India, Dili, Timor Leste #IDY2026","Embassy of India, Dili",20260521,95,84
Kxc6ZCb0_yo,"LIVE:- Yoga Mahotsav - 50 Days to #IDY2026 at Kanha Shanti Vanam, Nandigama Mandal, Telangana.",Ministry of Ayush,20260502,10830,1733
R1Tv4clN98s,"International Yoga Festival 📍 Parmarth Niketan, Rishikesh",Parmarth Niketan,20251122,145,3099
vL9Ps7YIssE,International Day of Yoga 2026 | Yoga Song | Revanasiddayya Hiremath 🧘‍♂️🎶,Gaana Sudha Vahini,20260415,25,28
7ZNRXFCwYvE,विश्व योग दिवस 2026 कब है | International Yoga Day 2026 | अंतराष्ट्रीय योग दिवस 2026 | Yoga Day 2026,Nayi Drishti,20231006,125,276
Md-GXKtjP5E,"Yoga Mahotsav 2026, Countdown 40 Day to Go International Day of Yoga 2026",Ministry of Ayush,20260521,65,433
Ymi8Cov8hg0,"Glimps- 25 Day Countdown International Day of Yoga 2026 in Khajuraho, Madhya Pradesh.",Ministry of Ayush,20260528,75,312
mb54KIYrqHg,"LIVE:- Yoga Mahotsav 2026, a curtain raiser to the 100-day countdown to the IDY 2026",Ministry of Ayush,20260313,25295,3232
-WmXnO98QYs,"📡 LIVE:- Yoga Mahotsav – 75 Days to #IDY2026 at Lonar, Buldhana, Maharashtra.",Ministry of Ayush,20260407,2948,2110
epQ8hqrqMrg,IGMS ONE WEEK INTERNATIONAL  YOGA PROGRAMM 2026,INDHIRA GANDHI SCHOOL,20260228,181,84
Cw5sivofRbw,Day 1/100 Yoga Days With Satvik Yogi | 2026 IDY,Satvik Yogi,20260315,669,156
btBM0lRRwlQ,96th Countdown Programme of International Day of Yoga (IDY) 2026.,iynsindia,20260318,62,31
WAfOhlCp914,"YOGAUTSAV 2026, Celebrating Diversity in Yoga 6th National Conclave of the IYA, 29th & 30th May 2026",Indian Yoga Association,20260415,31,205
aM0kgKIz9UM,What Happens When an Entire Workplace Pauses Together? | International Yoga Day 2026,Zariyaa Festivals,20260520,232,9
Ayk9aXo54hk,"Yoga Mahotsav 2026, a curtain raiser to the 100-day countdown to the IDY 2026",Ministry of Ayush,20260321,279,111
jbwx4QGkqVo,INTERNATIONAL YOGA DAY-2025-2026,Oxford School,20250621,186,14
AI0sgLI46MQ,Shilpa Shetty Celebrates International Women’s Day With A Powerful And Inspiring Yoga Event | Screen,Screen Awards,20260308,1326,26206
WSqRYyKPWeY,"🌍 TSSS World Health Day 2026 :: Fitness, Awareness and Yoga 🧘 ✨",The Stepping Stone School,20260408,60,75
T8HPu3QiNr0,YOGA programme to celebrate 100 days countdown to International Day of YOGA 2026,NSOU-ICT,20260529,8810,98
dqBIj2O3Pdk,Glimpse into the Yoga Mahotsav  100-day countdown to International Day of Yoga (IDY) 2026.,Ministry of Ayush,20260316,71,159
LwazVRH0UHQ,International Yoga Day Status 2026 | International Day of Yoga status 2026 | World Yoga Day Status,North Indian Taste,20230621,22,611
8BplbqsU2sU,INTERNATIONAL DAY OF YOGA  - 21 JUNE 2026 - HEALTH BENEFITS OF YOGA,Prof . M.THANGA DARWIN,20180606,288,132
WAD8Wao5gQw,Day 2/100 Yoga Days With Satvik Yogi | 2026 IDY,Satvik Yogi,20260316,939,83
IurZMHfUmsM,Yoga at the beach | 75-day countdown to #IDY2026,India in Peru,20260417,114,12
jf2XPQlp4-M,26 March 2026 87th days goes to International Yoga day ✨️ 🙏,SHIV YOGA,20260326,300,46
KzFoO6bxtpU,First Day International yoga festival 2026 Rishikesh,Rishikesh Writings,20260309,615,177
390e4OYx1i4,"International Yoga Festival 2026 📍 Parmarth Niketan, Rishikesh - March 9-15 2026",Parmarth Niketan,20251014,139,1181
AB2GZqYMZOU,Celebrating Diversity in Yoga (YOGAUTSAV 2026) 6th National Conclave of the Indian Yoga Association,Indian Yoga Association,20260415,31,94
CD70KYY5YeQ,E Poster Competition | Internation Day of Yoga 2026 | Full Process | Step by Step  | MY GOV | M.of.A,Hitkar Yuva,20260331,554,245
e0WDBtTr7_o,27th International Intensive Kriya Yoga Seminar 2026 - Day 5,Kriya Yoga Masters of Kriya Yoga International,20260118,3456,1917
GJBWWrc5YSs,27th International Intensive Kriya Yoga Seminar 2026 - Day 4,Kriya Yoga Masters of Kriya Yoga International,20260117,3509,2021
kpdfHJ7x0dY,10 Yoga Protocol Videos for NCDs and Target Groups | #YogaMahotsav2026 |,Ministry of Ayush,20260316,58,679
V3M7z2b5Sx4,30 min. Morning Yoga Flow l Morning Full Body Stretch - Day 1- 30 Days of Yoga 2026,Michelle Martone YOGA,20260101,1669,12521
mZsX9tw8FoI,Yoga for All | Focus on Twist -  21 Days IDY 2026 Challenge,Yoga 4 Unity,20260603,4352,2772
7D2yQHi2Z-U,#yoga #yog #yogmahotsav2026 100 days to International Day of Yoga 21st June 2026,allied24x7news,20260313,316,10
owcFlE2oe5o,International yoga Day Activities..🧘 Session:-(2025-2026),GRAND VIEW ACADEMY (New),20250705,181,40
fsWitGfWyHI,Free Chair Yoga Class in Callao region | IDY 2026,India in Peru,20260428,102,8
9nob14yzO-g,Celebrated Women’s Day 2026 with an inspiring international seminar on Yoga for Women’s Empowerment.,Manushi Yoga,20260311,1390,8
rn1Fsc4_x5o,Yoga & Pranayam | World Health Day 2026 | Humming Bird School,HUMMING BIRDS SCHOOL,20260417,76,70
Plf5Dg4BVsI,27th International Intensive Kriya Yoga Seminar 2026 - Day 7,Kriya Yoga Masters of Kriya Yoga International,20260120,3479,2453
pBvrz1E2oXg,Day 54 of Satvik Yogi Path | 2026 IDY,Satvik Yogi,20260507,1595,133
O9jEWwVDnyc,27th International Intensive Kriya Yoga Seminar 2026 - Day 4,Kriya Yoga Masters of Kriya Yoga International,20260118,3483,1947
O8YH7Hn5k4Y,Sixth day International yoga festival Rishikesh 2026,Rishikesh Writings,20260315,600,92
dW9UwLVjvak,International Day of Yoga - Den Bosch - Second Edition - An Invite by Neha & Geert,Neyha Jain,20260513,34,20
msZiKp5fCyw,Virtual Yoga Session in the run-up to the IDY 2026,CGI Hong Kong,20260602,2708,20
0ATwmzKsHts,Day-50 Countdown to IDY-2026 | 2 May 2026 | 6 AM IST | Kanha Shanti Vanam | Heartfulness | Daaji,heartfulness,20260502,7569,27206
PBM7Fs03FuI,Nainital 2 June IDY 2026 Live Yoga - Uttarakhand Ayurvedic & Unani Services,Directorate Ayurved Uttarakhand,20260602,3581,623
fhX153rnFa8,योग महोत्सव IDY 2026 ! कार्यक्रम की कुछ झलकियां ! IGU रेवाड़ी में योग की भव्य गूँज! 🧘‍♂️✨,Dr. Dharamveer Yogacharya ,20260324,32,47
8DeiE-23e38,Haridwar 31 May - IDY 2026 Live Yoga - Uttarakhand Ayurvedic & Unani Services,Directorate Ayurved Uttarakhand,20260531,2913,505
hlgCifQfPnk,Nainital 1 June IDY 2026 Live Yoga - Uttarakhand Ayurvedic & Unani Services,Directorate Ayurved Uttarakhand,20260601,2764,834
BMr7gRg_LV8,Haridwar 30 May IDY 2026 Live Yoga - Uttarakhand Ayurvedic & Unani Services,Directorate Ayurved Uttarakhand,20260530,2481,616
uaT2AVAX42w,Day 77/100 of Satvik Yogi Path | 2026 IDY,Satvik Yogi,20260530,1390,86
US9UELGrkWE,Day 79/100 of Satvik Yogi Path | 2026 IDY,Satvik Yogi,20260601,1595,110
JOnY3xdokEc,International Day of Yoga 2026 के लिए Registration कैसे करें? 🧘‍♂️Registration Tutorial | #INOSurya,INO SURYA,20260509,570,483
NHPENqo4x4M,"योग महोत्सव-2026 | #IDY2026 | दिनांक - 16 अप्रैल, 2026",Jain Vishva Bharati Institute Ladnun,20260416,5129,579
UG8DzCVxldI,"International Day of Yoga 2023 – Live from Jabalpur, Madhya Pradesh",Ministry of Ayush,20230621,6975,2957
g8MvYG7afaE,YOGA DAY SONG For Ministry Of Ayush,Kailasa Records ,20210921,275,24541
5oS0wVx9KAw,International Yoga Day 2024 Common Yoga Protocol by Ministry Of Ayush,INDIAN YOGAYURVED ACADEMY BY DR PORNIMA ,20240621,3251,225
SyserxPSx1U,International Day of Yoga 2024: Countdown Begins - 12 Days to Go,Ministry of Ayush,20240609,17,114
tsEUXXI4QHs,Yoga with family | International Day of Yoga 2024,Ministry of Ayush,20240620,29,190
eeaerqpZd7g,International Day of Yoga 2021 - Curtain Raiser,Ministry of Ayush,20210611,3322,355
mmG4jDBWIsU,Yoga for Emotional and Mental Health,Ministry of Ayush,20210525,3710,2077
c8A_BkXMcKA,International Day of Yoga 2021 - Sunday Discussion Series,Ministry of Ayush,20210516,7661,356
Kaz144lzORY,"International Day of Yoga 2018, Ministry of AYUSH",Dr. Arun Mahapatra,20180608,63,7080
50Qf3kJDUeE,"YOGA DAY   Ministry of AYUSH, Government of India",BHARAT TV,20200621,31,80
dDGzam7WYEE,Do participate in AYUSH Ministry’s unique Yoga competition!,Narendra Modi,20200531,184,20417
RehqLdUGJlg,International Yoga Day Celebration at IGC | Yoga Camp | Ministry of Ayush Initiative,Indo Global Group of Colleges,20230621,60,5312
i4msUSBffpU,International Yoga Day: Ministry Of AYUSH Releases ‘Common Yoga Protocol,Aaj Tak,20160517,261,4919
w-ujgTZTT5Q,International Day of Yoga 🧘‍♀️ Ministry of Ayush..,Bhagyalaxmi,20260424,353,4
JchDbzvsXAk,BCCL Promotes Common Yoga Protocol for Women By Ministry of AYUSH - International Day of Yoga 2025,BCCL - Bharat Coking Coal Limited,20250610,113,42
UdP_gGiIWq0,Common Yoga Protocol 2016,Ministry of Ayush,20160502,896,19638
v29_ChZwR20,"LIVE:- Yoga Mahotsav- 25 Days to #IDY2026 at Western Group of Temples, Khajuraho, Madhya Pradesh",Ministry of Ayush,20260527,7990,2151
HLo1lepnzGc,100 Days of Yoga | Yoga Mahotsav | International Yoga Day Livestream on Ayush TV #yogaday #ayushtv,Ayush TV,20230313,29,63
OfHrOE6t1h0,Morning Classes for Yoga Appreciation Programme: Day 3,Ministry of Ayush,20210603,2679,771
Z4diFKcv3gE,"A glimpse into the vibrant celebration marking 50 Days to International Day of Yoga 2025,",Ministry of Ayush,20250502,69,423
e7HIxPFbmbI,21 June International Yoga Day common yoga protocol by Ayush Ministry,Enlight_Yoga,20200621,490,358
tjtwW0zGwBU,My Life My Yoga || International Yoga Day 2020 || Ministry Of Ayush,The Great Police,20200621,334,317
FTNLwfGOjuU,Theme of International Yoga Day 2022 is ‘Yoga for Humanity’: AYUSH Minister Sonowal,Times Of India,20220621,76,361
cphIHGmikOs,International Yoga Day 2021 by Ayush Cell Panjim Goa,SIHFW GOA,20210618,1019,850
oPleUTwnEt4,"Yoga day 11 @ ministry of Ayush, Government of India",Kishan's University of Sustainability Telugu,20200410,115,49
QPsMAwSiZVk,Yoga day 8 @ ministry of Ayush,Kishan's University of Sustainability Telugu,20200410,140,555
44PPtRBjkuE,Yoga for Peace & Sustainability |Common Yoga Protocol by Ministry of Ayush| International Yoga Day,Yoga With Bini,20200621,792,689
PlxXjJjsaKw,"International Yoga Day  2020 |  IDY  ""My Life My Yoga"" || Ministry of Ayush ||🧘‍♂️",Athulya Jayaprakash,20200620,178,323
0Uxhco6qwFo,"HCI,KL in collaboration with Ministry of AYUSH - Talk on Yoga & Ayurveda By Dr.Harini Ramya","High Commission of India ,Kuala Lumpur",20210622,1405,394
QLXIv_0bvEw,"AYUSH Department Organizing 8th International Day of Yoga at A convention ,Vijayawada | Public TV",Public TV News,20220621,5236,11
4iCvX3DfXVc,5 Basic Yoga For Beginner | 7th International Yoga Day| Ministry of Ayush | 2021#bewithyogabeathome,NEHA BHATTACHARYA,20210619,182,194
EHX1-Dj2IXM,Yoga day 6 @ ministry of Ayush,Kishan's University of Sustainability Telugu,20200410,98,48
deco9KHty04,Ministry of AYUSH to organise International Conference on Yoga,New Delhi Times,20191115,106,255
MADy-oiozFw,Ayush Yoga || Day Wise || Saturday || E1,Ayush Yoga,20200520,1287,123
EXqpq6rrAjE,Design and Name the Mascot for International day of Yoga 2021| Ministry of Ayush  | mygovindia,Avoid,20201227,343,859
V33bIkpFR1A,#SarbanandaSonowal-Union Cabinet Minister AYUSH unveil plan for International #yogaday on 21st June.,VISION TV WORLD,20220617,771,67
IDneMM3JEFM,International day of 🧘‍♀️ Yoga 2021 by ministry of Ayush || my government quizzes answer|#win |#yoga,Mygov quiz adda,20210502,124,3616
vIA-IAAlZSg,About International Yoga Day 2021 | Importance of Yoga | Ministry of Ayush initiatives,Food Cliqs,20210620,140,686
hl3lWfLfDwA,Ayush Ministry Seeks ISRO's Assistance | for Satellite Imagery | on International Day of Yoga,ETV Telangana,20180606,38,56
ECI11uKvmG4,Who Proposed International Day of Yoga? | Yoga Day | Ministry of AYUSH | IDY 2021 | YogPathshala,YogPathshala ,20210620,114,274
tYr0q8HLkQY,Evening Classes for Yoga Appreciation Programme: Day 4,Ministry of Ayush,20210525,2754,1424
FJM8kEO2mPY,Yoga Break @ Workspace | Part 2 | By Ministry of Ayush | #indiaeswatini,"High Commission of India Mbabane, Eswatini",20230329,116,7
6u_xoU2AOdo,"Yoga from the students of students of Hazaribagh, Jharkhand | International Day of Yoga",Ministry of Ayush,20240620,46,92
AgBX2c7w7Ts,Yoga is more than a practice—it's a timeless gift from India to the world | World Expo Osaka japan |,Ministry of Ayush,20250429,77,408
oNomHQfTA_M,Yoga Ambassador Tour - Ministry of Ayush India - ATTOI - Yoga Day,KichaTube HD,20180621,686,1249
Y69md6XRncU,Watch people's enthusiasm for International Day of Yoga 2024.,Ministry of Ayush,20240604,143,3576
GTYUovcslV0,International yoga day 2020 protocol 21 June(English) || Common Yoga Protocol 2020 (Ayush Mantralay),IPR DEPARTMENT- GOVT. OF SIKKIM,20200619,3195,89
HXEc6RYpWf4,International day of yoga 2020 idy ministry of ayush. Yoga at home by Rajeev Bhardwaj,Happy Life Rajeev,20200621,175,83
hg6HLBWpbcM,Ayush Yoga || Day Wise || Friday || E1,Ayush Yoga,20200520,1013,192
ZyL0KYXzLUk,"Yoga day 10 @ ministry of Ayush, Government of India",Kishan's University of Sustainability Telugu,20200410,118,16
Z09qEkLoVeo,Make Yoga mass movement: Ayush Minister Shripad Naik,DD News,20160611,265,292
ILYKKso4dfE,IDY celebrating the spirit of inclusivity!,Ministry of Ayush,20220714,90,303
RU5dR1NyP8s,International Yoga Day |Yoga Yuga| Ayush Dept karnataka,Ayush Dept Karnataka,20190620,407,22
XRmDFoEIk8I,Press Conference on YOGA DAY by Ministry of AYUSH and Indian Council for Cultural Relations,V-SAT Media,20200606,2238,7
mopEtlHBDw8,"Dr Anandaji at ""Yoga Connect 2025"" International Conference organized by CCRYN, Ministry of Ayush",ISCM of Sri Balaji Vidyapeeth,20250619,732,47
SbIc8gISJCQ,International Day of Yoga | Ministry of AYUSH | Best Yoga Asanas For a Healthy Mind and Body,Pebbles live,20190621,1567,3543
v9QMhGittCM,Curtain Raiser of International Day of Yoga (IDY)-2021' & 'Inauguration of AYUSH Information Cell,Embassy of India in Kuwait,20210521,4692,49
OghYPFzSChg,#my yoga my life #Ministry of Ayush#yoga from bome International day of yoga 2020#kreethi,Kreethi S. Sannecy,20200620,298,242
Iwp5CgFCuco,Yoga Performance | Ayush Peru,India in Peru,20260515,322,24
kT4s6iZ6mJI,Ayush Minister Shripad Naik inaugurates National Health Editors Conference on Yoga,Ministry of Ayush,20160609,237,192
uWsNWorJLcM,Importance of International Yoga Day | Y-Break Initiative of Ayush Minstry,UPSC AKHADA,20230622,1374,44
wF2g2CklpUs,International yoga day 21st June|| Shri Sarbananda Sonowal Minister of Ayush||@Ayurveda Student Life,The Ayurved Diary ,20220623,106,73
h0UrbyV3jUY,Yoga Day to be celebrated at Se Cathedral and Fort Aguada : Ayush Ministry,In Goa 24x7,20220616,566,1099
qDzYQmJI4tE,Ayush Conduct World Yoga Day Walk In Adilabad | V6 News,V6 News Telugu,20190619,74,590
dhrsxFdkzNQ,"#My yoga my life, #ministry of ayush, #international yoga day",Kshma Sharma,20200620,154,26
UJPAHpPTt1Y,YCB Ministry of AYUSH Appreciation Certificate on the 6th IDY 2020,Morarji Desai National Institute of Yoga (MDNIY),20200619,73,1666
dsbK-YLLB-U,Ministry of Ayush  YOGA  V02,Morarji Desai National Institute of Yoga (MDNIY),20210518,758,2050
ekzlBsSR8RU,"Director Ayush J&K, message on 9th International Day of Yoga","DIRECTORATE OF AYUSH, J&K",20230624,202,78
jHyYaM2oe1E,International Yoga Day 21 June Ministry Of Ayush #MyLifeMyYogaIndia #MaleYouth 2021,InfoByGuru Ji,20200620,180,187
Ke39MCav5Hs,"Yoga day 13 @ ministry of Ayush, Government of India",Kishan's University of Sustainability Telugu,20200410,116,50
559cVTeWW9s,India's Ayush Ministry organises inaugural session of 'Yoga connect- a Global Yoga Summit',DD India,20250614,79,5247
AY8cNUWAEpg,International Yoga Day 2023,Rvim Youtube Channel official,20230622,140,116
ParJGqcRX94,International Day Of Yoga Celebrate .As Per Instruction On Ministry Of AYUSH #MYAS #CYP2020_NCC,Indian Traveller with Subhadeep,20200620,45,56
NgoTi9qxWVU,"MyLifeMyYoga- Ministry of AYUSH- International Yoga Day-21st June, 2020",Ankur Kumar Srivastava,20200605,119,130
D9dBXNT0YA4,The world comes together for #YogaDay at the UN Headquarters!,Narendra Modi,20230621,110,38039
K7YeE3zSQdE,PM Modi practices Yoga on International Day for Yoga 2019,Sansad TV,20190621,3099,897477
fvsC4x4VBpM,PM Modi leads Yoga Day event at Rajpath,NDTV,20150621,2048,143928
z7RdbXnjjMc,PM Modi takes part in International Day of Yoga celebrations at UN HQ in New York City | 21st June,Doordarshan National,20230621,6305,42795
riURtZa6MhU,Yoga with Modi : Suryanamaskar Hindi,Narendra Modi,20180618,406,1697165
UMSIaxSdOa4,Indian PM Narendra Modi leads International Yoga Day celebrations at UN headquarters | WION LIVE,WION,20230621,9919,5244
N_c9BgiN46Q,International Yoga Day: PM Modi to lead Yoga Day celebrations with people from over 180 nations,WION,20230621,403,2988
xgIkGdwPqlQ,International Day Of Yoga 2023 |  PM Modi to unite the nation through Yoga | 21.06.2023,DD India,20230621,4235,422
xm28ewV7S9w,PM Modi Arrives At UN Headquarters To Lead International Yoga Day Celebrations,India Today,20230621,398,9319
RNCyEuseurI,"International Yoga Day: PM Modi arrives In New York, to lead celebrations at UN headquarters | WION",WION,20230621,208,7939
I6qzKSOXUsM,PM Modi's Diplomacy-Asana In America  | PM Modi To Perform Yoga In New York | International Yoga Day,India Today,20230621,160,21255
Cn69_7WkUSM,International Day of Yoga 2021 | PM Modi Addresses The Nation | CNN News18 Live,CNN-News18,20210621,3598,2960
JK2y_SfHdf8,PM's speech during International Day of Yoga celebrations in Visakhapatnam | Eng subtitles,Narendra Modi,20251130,1140,10401
JxVCCHqc72E,Indian PM Modi celebrates International Yoga Day with thousands,CNA,20190621,24,1833
ocuerNUWTaM,PM Modi's state visit to the US begins with Yoga day celebrations at UN HQ | WION,WION,20230621,600,10718
qBcyeYP6snc,International Yoga Day 2022: PM Narendra Modi Leads Yoga Event At Karnataka's Mysuru Palace,Republic World,20220621,200,1943
FB543E0MSXQ,International Yoga Day: PM Modi Links The Benefits Of Yoga In Battling The COVID-19 Pandemic,India Today,20200621,271,1276
2088EJFs5fQ,PM Modi Leads International Yoga Celebrations In UN HQ In New York | CNBC TV18,CNBC-TV18,20230621,1708,467
KASKJeYSE20,India: PM Modi addresses the 7th Yoga day program | International Yoga Day 2021 |Latest English News,WION,20210621,1049,8934
j-uKhBSLL48,PM Modi US state visit | International Yoga Day 2023 theme: World is one family | WION,WION,20230621,1042,1924
pORdexOKJ7E,India marks the 8th International Yoga Day: Indian PM Narendra Modi says Yoga brings peace | WION,WION,20220621,1147,35742
0T_qOiw2Xuk,International Yoga Day | PM Modi Leads Mass Yoga Event in Mysuru,TVC News Nigeria,20220621,47,319
jq3XAReBLtQ,"Indian PM Modi leads historic Yoga session at UN HQ, New York | International Yoga Day",WION,20230621,575,578
CWa-gW_-7zQ,International Yoga Day 2022 : PM Modi Leads Yoga Day Celebrations At Mysuru Palace In Karnataka,Republic World,20220621,37736,75570
3DbBA1BTAM4,PM Modi bends over backwards to mark International Yoga Day,euronews,20160621,20,578
BSiBZtjXDb0,World marks International Day of Yoga | PM Modi US visit | WION,WION,20230621,477,692
HXhxVUNecmg,PM Modi US Visit | PM Modi Puts Out Special International Yoga Day Video | PM Modi In America,CNN-News18,20230622,252,311
tdplSsPk8tI,Live | PM Modi leads International Yoga Day Celebrations at the UN | News9,NEWS9 Live,20230622,7013,432
u1JgC4ZjEJc,"PM Modi Leads Celebrations In New York, Says Yoga Unites The World | 9th International Yoga Day",India Today,20230621,352,672
jMKJYZDqTks,PM Modi To Lead Yoga Day Celebrations At UN HQ; Dignitaries Of 180 Countries To Participate,Republic World,20230621,223,9907
VWRLYm3qBI4,Global Yoga Day: PM Modi Leads The Way At UN Headquarters,Business Today,20230620,203,3368
piaIDE9_72U,"International Yoga Day 2020: PM Modi urges for 'Yoga at home'; says, ""it's a day one oneness""",WION,20200621,905,5412
sMBMcZ9qC1c,PM Modi Leads International Yoga Day Celebrations In Mysuru; 'Yoga Is A Way Of Life',Republic World,20220621,932,4492
5HxJ-DOJGV0,'Yoga a ray of hope as world fights Covid-19': PM Modi on International Yoga Day,Hindustan Times,20210621,434,6129
bYf5oUBqcvs,Full & Uncut: PM Modi's Message On International Yoga Day,Republic World,20230621,673,4090
F8r2xYzf6Z0,PM Modi in US: Indian PM Modi to lead Yoga Day celebrations at UN HQ | International Yoga Day,WION,20230621,467,1212
3jgTR6-g1Lo,International Yoga Day 2023 | Vrikshasana with PM Modi | Yoga with Modi | Oneindia News,Oneindia News,20230619,203,1334
cipmQDkJWRk,"PM Modi Arrives At UN HQ To Lead Yoga Day Even, Pays Tribute To Mahatma Gandhi | Latest News",Times Now,20230621,1199,834
ckQIyUR-YYQ,"International Yoga Day | Yoga Has Become A Ray Of Hope When World Fights Covid-19, Says PM Modi",India Today,20210621,976,10637
-ZxrdlQe_78,Prime Minister Narendra Modi's message on 2nd International Day of Yoga,Indian Diplomacy,20160617,230,3529
lA9dHOAGUjs,"PM Modi In US | ""Yoga Is Way Of Life"": PM Modi Leads Yoga Event At UN",NDTV,20230621,4023,1587
38OJ5YUWgDE,World Celebrates Yoga: PM Modi's 'Yoga In Covid Fight' Message On 6th International Day Of Yoga,India Today,20200621,171,2994
LlIcW_A5eaM,India’s Modi participates in mass event to mark International Day of Yoga,Al Arabiya English,20220621,71,2130
tHkW2akJLfY,Narendra Modi leads Yoga session in New York - part one,Sky News,20230621,2330,4091
kkvjhnSG3pQ,PM Shri Narendra Modi takes part in International Day of Yoga celebrations at UN HQ in New York,Bharatiya Janata Party,20230621,4160,16769
VsGPjzPndHc,"International Yoga Day: ""Yoga Brings People Together"", Says PM Modi",NDTV,20200621,148,1469
3-4dvMSYSis,LIVE: PM Modi Yoga at UN Headquarters | International Yoga Day 2023 Live | Modi US State Visit,ANI News,20230621,3895,192152
pSjXJBEdLhQ,PM Narendra Modi Addresses Nation On International Yoga Day | Delhi | Mango News,Mango News,20160620,268,234
6WtvdIBrW8c,International Yoga Day 2023 Live Updates | PM Modi's Message On International Yoga Day | News18 Live,CNN-News18,20230621,23880,3768
DrEBOB3mAWI,PM Narendra Modi Message for International Yoga Day | Thanks UNO for promoting Yoga,Mango News,20150617,359,1717
d_PYT6CElGg,"PM Modi: Yoga Has Become A Global Movement, A Global Spirit",India Today,20230621,185,628
puFOuS2sk9w,PM Modi Lists Benefits Of Yoga Amid COVID On International Yoga Day | Full Speech,Republic World,20200621,849,13521
cEebNNbLlQU,LIVE | PM Modi Leads Yoga Diwas at UN HQ in New York City | International Yoga Day | Times Now,Times Now,20230621,32425,13952
Xr6ZOn6Xd7E,Yoga Day 2020: PM Modi Says Pranayam Boosts Respiratory System And Raises Immunity Against COVID,India Today,20200621,844,4912
FQCb-9Df0uQ,International Yoga Day | PM Modi | India aims World Record | 21 June as Yoga Day | Rajpath,Mango News,20150621,165,735
I0ahh_fiPVo,"PM Modi To Lead Global Celebration Of Yoga From UN HQ, Shares A Video Message On Intl Yoga Day",Times Now,20230621,662,1340
y4tARqIzJis,"PM Modi, CM Yogi Adityanath perform Yoga on International Yoga Day",NYOOOZ TV,20170621,75,785
Iwuib4fD6dM,WION Gravitas: PM Modi urges all to practice yoga on 4th International Yoga Day,WION,20180621,963,257
ijS-ruHh_-8,PM Modi US Visit LIVE News | PM Modi’s International Yoga Day Event At UN HQ Creates World Record,CNN-News18,20230621,3485,1552
f3PH1cvX8sM,"PM Modi Leads Yoga Day Event In New York, Says 'Yoga Unites The World' | Latest English News",MIRROR NOW,20230622,74,9519
wOB5cUaunT8,PM Modi's Yoga Day message at United Nations in New York,NDTV,20150621,324,1865
lFzm6nIcyoE,"PM Modi On Yoga Day 2022: 'No Longer Part Of Life, Yoga Becoming Way Of Life'",India Today,20220621,426,560
k2JHTLlqGuE,International Yoga Day A Symbol Of PM Modi’s Successful Diplomacy? India’s Soft Power On The Rise,Times Now,20230621,196,2444
og_Xqy_IHpY,PM Modi's US Visit | International Day of Yoga and Indian Diaspora's Enthusiasm | News9,NEWS9 Live,20230620,528,662
oW9LOUCGsiU,PM Modi's Historic Event: World Celebrates Yoga Day| India's Soft Power On Display In New York,Times Now,20230621,154,449
j-f0YHcix90,PM Modi's Video Message On Yoga Day | We Get More Energy From Doing Yoga: PM Modi,India Today,20230621,18765,2596
sqhAuIa5PB4,"PM Modi posts video message on International Yoga Day, Watch here | Oneindia News",Oneindia News,20160620,269,644
2e_pszlUvOs,UN Headquarters decked up for Intl Yoga Day as PM Modi to lead the grand event,ANI News,20230621,215,4917
or6mG6Sj-Mw,"International Yoga Day: Yoga One Of The Most Powerful Unifying Forces, Says PM Modi",NDTV,20180621,69,2422
_IKq9_hxfR8,PM Modi Live: PM Modi Live At UN Headquarters: International Yoga Day 2023 | India Today LIVE,India Today,20230622,35614,9361
Ui4Evwvx2io,"Watch: India PM Modi leads 25,000 yoga devotees for International Yoga Day",euronews,20190621,20,777
tc80x4xIlHA,Yoga session led by PM Modi creates Guinness World Record | WION Pulse,WION,20230621,649,837
xm0_KOSNLTY,PM Modi US Visit | PM Modi Performs Yoga At The UN Headquarters To Mark Yoga Day | PM Modi News,CNN-News18,20230621,356,459
hqSZI4xHvw8,PM Modi Leads Yoga Day Celebrations At UN Headquarters | PM Modi's 1st State Visit To US | NewsX,NewsX Live,20230621,3783,1651
24OcYjeKAZo,PM Modi-led Yoga Day event; 135 nationalities take part in yoga lesson breaking world record,DD India,20230621,3415,271
E4CYCnXnhrk,PM Modi-led Yoga Session At UN Headquarters Creates Guinness World Record | Watch,Hindustan Times,20230621,111,29314
9SZFSBW5MDk,International Yoga Day: 2019: PM Modi departs from Yoga ground of Ranchi,WION,20190621,467,360
vesCA0lzuzA,International Yoga Day: PM Modi announces awards for good yoga,NYOOOZ TV,20160621,125,653
Xh2q22BxBCY,International Day of Yoga 2019: PM Narendra Modi Teaches How to Perform ‘Utrasana’,LatestLY,20190612,165,265
549VedVn4gg,PM Modi-led Yoga session at UN creates Guinness World Record,The Tribune,20230621,72,644
D0WIW75lcGc,"India's Modi leads more than 30,000 on Yoga Day",AFP News Agency,20160621,35,407
KvdAWtb4mVE,"‘Yoga, A Way Of Life’: PM Modi  In Mysuru, Leads International Yoga Day As India Does The Asanas",Times Now,20220621,191,377
n3Zf6ga7ncU,History created! PM Modi’s Yoga event at United Nations headquarters sets Guinness World Record,ANI News,20230621,190,7754
cpgmUSfA334,Indian Prime Minister Narendra Modi indulges in some yoga,Onlooker,20160621,74,4949
VzBqEC3qk3Q,PM Modi’s Yoga Day Event At UN HQ Creates Guinness World Record,India Today,20230621,203,689
p1LbPWuaFJA,"Yoga Has Connected The World With India, Says PM Modi",NDTV,20170621,229,568
QIU7y0WBfgc,PM Modi On Yoga Day 2020: 'Celebrate It At Home & With Family',Republic World,20200621,153,1270
JbzEmGWh1mc,Gravitas US Edition: PM Modi leads Yoga Day event at UN HQ | 180 nations witness India's soft power,WION,20230621,2943,8493
clhT4OwJ_SQ,"PM Modi's Message On International Yoga Day: ""The World Is One Family""",NDTV,20230621,690,284
ieIBcZvf-Fw,Indian PM Narendra Modi takes part in International Yoga Day,Onlooker,20180621,70,577
HSBwdaHZhx4,"Guinness World Record Set At PM Modi-led Yoga Event In United Nations, New York | PM Modi In US",moneycontrol,20230621,135,1250
FFItaOgVdPY,International Yoga Day 2022: PM Modi Leads From Mysuru As India Participates in celebrations,LatestLY,20220621,520,4219
woDftJ5-_hk,PM Modi Leads International Yoga Day Celebrations; Experts Discuss Issue | Latest News,Times Now,20230621,564,417
N9ZnuWKaVGc,WATCH The Latest Visuals Where Modi Would Head The Yoga Day At UN Headquarters,India Today,20230621,490,255
NgjwKnU8Jog,PM Modi tweets Surya Namaskar video ahead of International Yoga Day,Hindustan Times,20190619,291,59793
yU_V9zgUo-k,Watch: PM Modi kick-starts International Yoga Day 2018 celebrations in Dehradun,Hindustan Times,20180621,115,4886
8yPAIC2XRmM,"International Yoga Day | PM Modi, Baba Ramdev & Others Take Part In Celebrations Across India",CRUX,20190621,86,4012
Oti5_j_jtk0,"New World Record created at the International Yoga Day Celebrations at UN HQ, New York",PMO India,20230621,197,7579
oqnebrp_uh0,International Yoga Day: PM Modi at Rajpath | PMO,PMO India,20150621,4387,4327
-asdhNHzVTU,International Yoga Day: PM addresses people | PMO,PMO India,20150621,561,1765
HiwvlEsy2rs,PM Modi’s Speech at International Day of Yoga in Visakhapatnam | Eng Subtitles,PMO India,20251223,1029,1582
SCYYMEUJ7-4,PM Modi at Mass Yoga Demonstration on the occasion of International Yoga Day in Lucknow | PMO,PMO India,20170621,3023,3141
N9K_goSCAIQ,PM Modi addresses the Nation on 6th International Day of Yoga | PMO,PMO India,20200621,838,34577
xBbq3rXmWwc,"PM Narendra Modi leads Historic International Yoga Day Celebrations at UN HQ, New York",PMO India,20230621,4215,52435
FY74Coskjrg,PM Modi appeals to the Nation to mark 6th International Day of Yoga at home with family | PMO,PMO India,20200620,232,22034
boY0d9-ECrI,PM’s video message during International Day of Yoga 2023 with English Subtitles,PMO India,20230724,698,862
rAKtXjjIYvM,PM Modi's address to the Nation & Yoga Session on International Day of Yoga 2018 in Dehradun | PMO,PMO India,20180621,4888,25688
tlQFariES-I,PM Modi's address on 7th International Day of Yoga,Narendra Modi,20210621,1289,125726
jhKwgdUmCDk,India's yoga-loving PM joins millions marking International Yoga Day,The Telegraph,20160621,52,2529
Vk6H0oT1n2U,Indian PM leads yoga exercise,The Telegraph,20150621,41,1635
hPz_P3AXdsk,"PM Modi attends Yoga and Meditation session at 'Yoga for Peace' event in Buenos Aires, Argentina",PMO India,20181129,3351,15813
tALgQWMmE8k,A message from the Hon'ble Prime Minister on the 2nd International Yoga Day | PMO,PMO India,20160621,230,674
7m3OeZTJttc,"PM Modi's speech at 'Yoga for Peace' event in Buenos Aires, Argentina | PMO",PMO India,20181130,1385,8692
VEu1MUKMAHU,"PM Narendra Modi participates in 11th International Yoga Day Celebrations, Visakhapatnam",PMO India,20250621,5415,49612
VPJwv5iWDF4,PM Modi Announces 'Yoga For Vasudhaiva Kutumbakam' As Theme For International Yoga Day,India Today,20230618,1801,1924
AoGAk7zlWvc,"PM Modi at International Day of Yoga event at Capital Campus, Chandigarh | PMO",PMO India,20160621,5858,4543
uRZCB0FquO0,The world comes together for #YogaDay at the UN Headquarters!,PMO India,20230621,110,2269
hgXh4O1k-pM,PM Modi joins people practicing Yoga at Rajpath | PMO,PMO India,20150621,2285,5821
FcliMk-HpcQ,"PM Modi's speech on the occasion of International Yoga Day in Lucknow, Uttar Pradesh | PMO",PMO India,20170621,747,1152
EeWUKcI5ErU,Urge everyone to celebrate 'Yoga Day' with great enthusiasm: PM Modi,Narendra Modi,20220529,294,6254
bJR4oEt6y-c,PM Narendra Modi with 30000 Yoga Practitioners at International Yoga Day celebrations in Chandigarh,Paperwala,20160621,5858,99
HRqjAtCQ_mk,"PM Modi's address on International Day of Yoga 2024, Srinagar",PMO India,20240621,1500,5667
Mpx3CiDMyf0,PM Modi addresses 7th International Yoga Day 2021 | PMO,PMO India,20210621,987,22232
12r5J6PNQ7s,"PM Modi's address at International Day of Yoga event at Capital Campus, Chandigarh | PMO",PMO India,20160621,1430,1146
bUbKvHgR9sc,PM Shri Narendra Modi's address on 7th International Day of Yoga,Bharatiya Janata Party,20210621,1455,17262
vH7IsUCDhoU,"PM Modi's address on the occasion of International Yoga Day 2019 in Ranchi, Jharkhand",PMO India,20190621,1267,4758
9aPgFpsCXyA,"PM Modi leads 5th International Yoga Day Celebrations in Ranchi, Jharkhand",Narendra Modi,20190621,5394,148734
XgAMQHR7AxY,"PM Modi participates in a special event on International Day of Yoga, Srinagar",PMO India,20240621,1685,3697
jzXaQdTqCdM,World marked the fifth Yoga Day with great enthusiasm: PM,Narendra Modi,20190630,185,8063
TmFeVZrZDbg,PM releases coins & stamps on Yoga Day | PMO,PMO India,20150621,170,612
h6BWo6jsiLA,Discover the astonishing benefits of making Yoga a part of your daily routine | #MannKiBaat,Narendra Modi,20230618,102,3554
vOlbsk_ru_U,3rd International Day of Yoga,PIB India,20170621,4323,629
M7gQJsG1-HQ,PM Modi's video message on International Day of yoga celebration at Jabalpur,PMO India,20230621,715,3311
UlQn95zsEe8,PM Modi's speech at 2-day Yoga conference | PMO,PMO India,20150621,2091,2892
gGxfBc2BnNs,PM at inauguration of 2-day Yoga conference | PMO,PMO India,20150621,4394,1856
VKqzSv509xk,PM Narendra Modi to lead ninth edition of International Yoga Day at UN headquarters on June 21,The Economic Times,20230621,91,448
02u0sbxZMuE,Yoga Day 2023: PM Modi interacts with children at UN headquarters in New York,Republic World,20230621,450,2178
H8839nIXsog,Live: Yoga Day 2023 with PM Modi  | United Nations from New York,P1NEWS,20230621,839,1
QQZ7e66-Vgk,Yoga gives us a way of holistic health: PM Modi,Narendra Modi,20210621,138,5710
WvRdKQ_kSSY,PM Narendra Modi addresses the people at Dal Lake on International Yoga Day,PMO India,20240621,425,2110
Ldu0MsFKakY,PM’s Message on the 4th International Yoga Day,Yoga With Modi,20180705,365,29858
yOuA6RUxQP4,Yoga has united people across the entire world: PM,Narendra Modi,20180625,186,5823
WOQMuj49-IY,Yoga – The bridge between inner peace and global harmony,PMO India,20250621,110,1975
LlsAx-TaQw4,PM Modi's remarks at International Day of Yoga at UN headquarters,Narendra Modi,20230621,540,166564
rP98Wu7-YM4,PM Modi’s Yoga Session At UN Headquarters Witnesses High & Mighty,The New Indian,20230621,92,57
n8N-RQgMXmM,8th International Day of Yoga 2022 | Embassy of India in Oslo,Embassy of India in Oslo,20220622,512,145
xivKGF3fDpA,Indian PM Narendra Modi leads the 9th International Day of Yoga | Diya TV,Diya TV,20230622,5728,181
uQxvgH4oTTI,"Yoga Session at Independence Square in Colombo, Sri Lanka | 8th International Day of Yoga",DD India,20220621,240,943
DvdTN0hSEN8,10th INTERNATIONAL DAY OF YOGA,SOA NSS,20240623,86,52
XKe8oiQDR68,PM Modi inaugurates Yoga Wellness Centre in USA via VC,Narendra Modi,20180621,1058,5933
vwaWGxG-J9k,2 Days as Guest of the UN : Yoga Day with India's PM Narendra Modi 🇮🇳🧘🏻‍♀️ and My Song for the Event,Surabhi V,20230715,90,132
w-qMkgmWA4M,"Yoga makes us conscious of everything around us, builds sense of awareness: PM Modi",Narendra Modi,20220621,143,3493
zgUnmoFOTts,6th International Day of Yoga | PM Modi's appeal to people !,BETON BRUT,20200618,290,8
monxOtArSdE,International Yoga Day | PM Modi To Lead International Yoga Day 2023 Event At United Nations News18,CNN-News18,20230617,463,2098
XjzM546PQ6E,Yoga Song by Prominent Artists || 7th International Yoga Day || prime minister of india || pmo india,Relaxation Music OM,20210623,263,92
A-I6xl1E4Is,"Yoga is a means to both fitness and wellness, says PM Modi",Narendra Modi,20200117,85,22934
KOBl2gMTsUI,LIVE : PM Modi takes part in International Day of Yoga celebrations at UN HQ in New York City |,ASTHRA TV PLUS,20230622,5409,40
Sc08I9A0oLU,International Yoga Day 2022 LIVE | PM Modi Leads Yoga Day Celebrations | Zee Telugu,Zee Telugu News,20220621,3690,71
s7Mw13LujzE,PM MODI Reveals Surprising Details About International Yoga Day |  Yoga Day | International Yoga Day,Qvive ,20240620,60,97
msLMRapvN5w,PM's speech at presentation of Yoga awards & launch of AYUSH health centres,Narendra Modi,20190830,1989,29975
H9bF0cVhU4Q,International yoga day #pmoindia #yoga #patanjali #ramdev #india,Lalan Kumar Tiwari,20220621,38,8
7eKq79x4Yjs,PM’s Message on the 4th International Yoga Day Persian,Yoga With Modi,20180620,365,2306
xR9j7yG-94A,International Day of Yoga 2022 - New Zealand,"HIGH COMMISSION OF INDIA WELLINGTON, NEW ZEALAND",20220621,4450,146
Ypwn-vB5jvw,PM Modi appreciates Chennai student for promoting Yoga in a unique way…Watch video!,Narendra Modi,20210624,386,8793
4HN--v2kpz0,"LIVE: PM Modi takes part in 11th International Day of Yoga celebrations in Visakhapatnam, AP",MAKE IN INDIA TV,20250621,5383,51
4Tq_Q3NBE7w,PM Narendra Modi Celebrates 8th International Day Of Yoga At The Historical Majestic Mysuru Palace.,Nasheman News,20220621,466,85
l7_7DjjjTw8,"PM Narendra Modi Yoga Poses at UN HQ, New York | 9th International Yoga Day Celebrations | YOYO TV",YOYO TV Channel,20230621,185,129
55JWQ0PyYVA,Yoga ensures peace of mind: PM Modi,Narendra Modi,20200621,130,29559
kq0zMkc1jQw,International Day of Yoga  | Modi | Live | Covid19 | Corona | GDP  | Godi Media | Coming Bharat,Coming Bharat,20210621,1904,45
tqbPqSzob_I,PM Modi to lead Yoga Day at UN in New York  on June 21|PMmodi,tvbharat24,20230614,264,14
9H9dwtG_Ing,PM’s Message on the 4th International Yoga Day German,Yoga With Modi,20180620,365,1937
g9Djb2ve7j0,"4th International Day of Yoga, 2018",Ministry of Information & Broadcasting,20180621,5004,531
rJsXB33V1u4,PM Modi addresses the Nation on 6th International Day of Yoga | PMO  BJ tv Live Date : 21-06-2020,BJ tv,20200623,39,1
ebvmT7p-b3U,MoS PMO Dr. Jitendra Singh speaks to media at 4th International Yoga Day programme,Newsroom TNN,20180621,88,12
gyzZ0NEALWU,#international yoga day #yoga #pmoindia #narendramodi #yogaforbeginners #yogalife,Shakir Akki,20220621,599,920
6sga3rGtAx0,International Yoga Day Celebration,Electrical LeGhA,20180622,217,211
CDRLQqlYefc,PM’s Message on the 4th International Yoga Day Russian,Yoga With Modi,20180620,365,2784
uQEn4vwwLYg,"Visuals of 8th International Day of Yoga 2022 from ISA Sports City, Bahrain",DD India,20220621,520,519
hhpZxb7v5eg,How The World Celebrates International Day of Yoga,Yoga Lifestyles,20160624,71,41
__cd-Hi0gnQ,Yoga international Day #yogaforselfcare @pmoindia @themillenniumschoolhmel @hmel-india,Khwaish The Wonder girl,20240620,60,350
G26RqtF4sm8,PM’s Message on the 4th International Yoga Day Korean,Yoga With Modi,20180620,365,1795
0_LsEX9HOjE,International Day of Yoga 2020,AsiaSocietyHK,20200621,4349,826
Kq6KSPBrf3g,Yoga Day || 8th International Yoga Day 21st June 2022 || PMO INDIA| Yoga Guru||@tntskillcentre,TNT Skill Centre,20220621,290,223
DjuOaweshUs,PM’s Message on the 4th International Yoga Day Spanish,Yoga With Modi,20180620,365,1805
Qy14dSLN-mA,"M-Yoga App will help fulfill motto of ‘One World, One Health’: PM Modi",Narendra Modi,20210621,83,33879
quLNVEqK7sU,International Day of Yoga (2022),Indian Diplomacy,20240508,331,383
VT5itSvfn5g,Common Yoga Protocol English (Full Version) International Day of Yoga   2017,Indian Diplomacy,20170612,3506,20161
B7XpkH6pzlg,YOGA FOR THE WORLD - Celebrating the First International Day of Yoga (Full Movie),Indian Diplomacy,20160609,1827,8353
DVsSBfS34Fk,Yoga for the world: Celebrating the International Day of Yoga (Abridged version),Indian Diplomacy,20160801,599,7071
OZPYoTwVGm4,9th International Day of Yoga 2023 - Yoga for Vasudhaiva Kutumbakam,Indian Diplomacy,20230707,344,161
xy1JWUOLZn8,International Day of yoga 2023 -Yoga for Arctic to Antarctic,Indian Diplomacy,20230707,124,194
YuN7qDutOQc,International Day of Yoga 2023 - Ocean ring of Yoga,Indian Diplomacy,20230707,97,160
GjsCjBD6aaE,Yoga : Harmony with Nature (Promo),Indian Diplomacy,20150609,214,22796
FEAID-8Xbyo,10th International Day of Yoga (IDY 2024),Indian Diplomacy,20240702,362,457
60MZYloKTdU,2nd International Day of Yoga Celebration,Indian Diplomacy,20160727,147,437
PSbOrSZKbfs,International Day of Yoga 2023 - Yoga by G20 Member Countries,Indian Diplomacy,20230707,282,150
9puS4NcoHQ4,A Day of Oneness- First International Day of Yoga,Indian Diplomacy,20150701,258,632
3LxK-TiifzQ,Yoga: Harmony With Nature (Short),Indian Diplomacy,20150529,501,4590
TpTRtaSEGrE,Modi showcases yoga and India's cultural diplomacy on the UN lawn • FRANCE 24 English,FRANCE 24 English,20230621,254,3366
81J_pa88Mi4,International Day of Yoga with Sadhguru at UNESCO - Crafting a Conscious Planet,Sadhguru,20230621,7530,224948
SkT4ll953as,"Perspective : Yoga: India's Soft Power | 21 June, 2022",Sansad TV,20220621,1333,7769
ZelH0Jywa5Q,Indian diplomatic community performs yoga asanas in Islamabad,WION,20180621,34,265
d_PgNocg3z4,India's Modi showcases yoga at United Nations,Associated Press,20230621,84,5554
6YPmSaTu468,International Yoga Day | Indian PM Modi's Diplomatic Soft Power at Work | UPSC/IAS 2022-2023,BYJU'S IAS,20220621,479,5513
KgTyB6UNeUM,Modi's yoga diplomacy,TRT World,20180620,145,18686
qZGQBgF5Uhk,International Day of Yoga 2019 Messages from our friends in Oman,"Embassy of India, Muscat",20190621,520,114
HcbG1q7iL8I,How has India Benefited from International Yoga Day? | Vantage with Palki Sharma,Firstpost,20240621,528,45683
LAuhSmFz9rM,World Watches India's Soft Power As PM Modi Leads Yoga Day Celebrations At UN HQ In U.S,Times Now,20230621,1564,1018
OWcoPzas0Tc,Indian Embassy Celebrates International Yoga Day In Rome,NDTV,20210621,86,13399
e81UHZM44vU,From Yoga Day to State Dinner: A detailed look into PM Narendra Modi’s US visit itinerary,Times Of India,20230615,231,4630
Qg9xS_09m9k,International Day of Yoga 2022,U.S. Embassy India,20220705,89,743
4HdETZiiTyA,"Indian embassy hosts Yoga session at Lincoln Memorial, ahead of International Yoga Day",ANI News,20250620,191,2340
EnaJ6CfZEco,PM Modi LIVE: PM Modi Leads Yoga Session At UN Headquarters | PM Modi In New York  |India Today Live,India Today,20230621,3533,1942
Y7Ye51p2Fj4,International Yoga Day: Permanent Representative of India to UN Ruchira Kamboj on Yoga Day,IndiaTV News English,20230621,81,118
GL7r_NfckrM,"Yoga Is Free From Copyright, Patents, It’s Unifying: PM Modi At UN HQ During Yoga Day Celebration",India Today,20230621,345,377
XgbnqeGbSoQ,PM Modi's state visit to the US: International Yoga Day event at UN HQ creates Guinness World Record,WION,20230621,648,3051
loEP6SecmHE,Modi In US 2023 | Former Diplomat Asoke Mukerji On PM Modi 'Soft Diplomacy Via Yoga' | News18,CNN-News18,20230622,685,2597
_Os9D-PwLC4,"Global Leaders, Royals, and Citizens Unite for International Yoga Day 2025",India Today Global,20250621,161,47
zHHHJqUBbqo,From UNGA Podium In 2014 To UN Park In 2023: How PM Modi Took Yoga Global,NDTV,20230621,227,1140
RXRgRsoNRmk,PM Modi leads unique Yoga Day event at UN headquarters in New York,South Asia Newsline,20230621,58,16
MkrFz5QRjOs,Yoga goes global: Soft diplomacy or public relations stunt?,NDTV,20150621,1206,2887
GREtxk36fQ8,"PM Modi: Yoga is accessible to all, free from patents and copyrights | International Yoga Day",WION,20230621,660,2828
8DMZ-pghVQM,Prime Minister Modi To Lead International Yoga Day Celebrations At U.N. Headquarters | World News,MIRROR NOW,20230618,83,724
tO2uXTDYWlY,PM Modi Leads Yoga Day Celebrations At UN Headquarters In New York,NDTV,20230621,6875,1274
NpaZzoUxA7Q,"Ahead Of PM Modi-Led Yoga Event, Bharat Mata Ki Jai Echoes | Rahul Kanwal Reports Live From NY",India Today,20230621,364,5026
rt_u26zF2-s,Ambassador Arun K  Singh's Message On 'International Day of Yoga',India in USA,20150617,80,330
kw4G_lFolN8,Ambassador Asoke Mukerji on International Day of Yoga,United Nations in India,20201024,1034,84
0OCahmfR-do,UN declares June 21 as World Yoga Day,Headlines Today,20141212,55,376
YqBK6R_wCTs,UN Secy General Ban Ki moon message on International Day of Yoga,Ministry of Information & Broadcasting,20150622,240,121
vSAjQ2TJylE,Foreign diplomats in Delhi roll out mats for workouts to mark International Yoga Day,Indiafile,20160621,243,305
HSNlOjQ9GAE,India Embassy in Oman showcases beauty and bliss of Yoga ahead of International Yoga Day,The Tribune,20230621,80,368
kC8obfUPN1I,International Day of Yoga celebration in China | Guardian Ring For Yoga,DD India,20220621,95,900
sHqUVG00auM,"Watch | Let Us Use The Power Of Yoga To Build A Peaceful World, Greener Future: PM Modi At UN",India Today,20230621,507,4235
_XD1y8gB5uw,International day of Yoga,TRT World,20190621,178,1930
FScktN86c9M,Embassy of India in Serbia Hosts Yoga Day 2020,CorD Magazine Politics:Business:Diplomacy:Society,20200628,302,494
tNjjAkVRo7o,EAM: 'Inspired by Global Yoga Enthusiasm; Delighted by Diplomatic Participation in Yoga Session',Times Now,20240621,132,256
k3ah_oe8tus,Yoga Event to celebrate the International Day of Yoga 2022,"Embassy of Japan, New Delhi",20220621,140,403
DsV7FJ0Xvnk,"Consulate General of India, Chicago presents the 5th International Day of Yoga",Asian Media Broadcasting,20190620,4702,169
