video_id,file_count
Ntf9bQiO1p0,7
vQ7ZvPghdy8,4
q5m6tMjcF8k,4
RoH7XBJqEdI,3
G0yaF7rw928,3
C_xsXnRd_uc,3
BMJ42xw7IC8,3
hJbRpHZr_d0,3
iqFu1awvhws,3
q10D3JUegmE,3
v9gRLeQwbq0,3
fi98oUBFJv0,3
y8aiwgZpzmo,2
-NUUwmholow,2
UV-kfLDCDHE,2
Ug8OoFAFfZ0,2
Uj7KlwPMsKU,2
UnNImpebWA8,2
UwKuh0x56dM,2
V-f6lHtjtKo,2
WxdR0Vmm8QA,2
zSBRpLsXGmg,2
X-AEzhkysCg,2
X7C8INDnWh0,2
XaQqwIuvDnM,2
Xqxd3CR-EOg,2
YdBlP7DlYek,2
Z8ASYVjkEOg,2
ZFuazWOx7eQ,2
ZQt8OSTmXj0,2
Zw9gOSluAgs,2
_RfGDud954c,2
_W9uV2M5Lk4,2
aFcZReES734,2
aJouQlY2EXA,2
aRZPKYnfYS0,2
acfiSv4S9aY,2
atFX3FjIx4Y,2
azMcABrZNuo,2
bq_vX0Uz9SA,2
cMqkFWlaguo,2
ULYfXTvQRgw,2
Tqk_H51lqr0,2
zS90yaIFer0,2
TcUzZ4fVtG4,2
Nx5f0OZT3Fo,2
O1R4HTgdC-A,2
Ofx6MXZZ6EE,2
PD8oFGFK-5w,2
PoHxH7BWxig,2
Q0WsIBmog1I,2
QX3gSDoLjqM,2
Qthn_19_aHM,2
RBwItubQCoQ,2
RGsBun5NKJw,2
R_FsSuJXlk0,2
R_PIwm_WHeQ,2
Raa-U-y4920,2
Rf2sERzU0Lo,2
RjDLpbR-mWM,2
znt2Wu6eXm0,2
S37f0y5QLHg,2
S7Xj2DjSAOo,2
SHyvmu2yHRc,2
SwufoZmheHw,2
T-y9F_n1rZM,2
T4q-n5Sxt2Y,2
TLNnshDVRao,2
TMmlL9bXdg0,2
TVlLod9gHW8,2
TW1jRrO1ob0,2
Tc2elWuujqw,2
cU34euFNPN0,2
cpePPqa-iYw,2
y7xNiREqa9M,2
nYEYlAKv-d0,2
o5y-RR-OqjU,2
o7k5hYchTrg,2
ohIQbrp5ifg,2
otGmdJKC1mE,2
pVpQ0sMPXvs,2
pW_P1E4g3v8,2
pw7b_iHlpJ8,2
ypMTDHZBmAs,2
ymymYY2d-Bs,2
qk_bP48As5w,2
qmdbYk9dlpk,2
qwJuri4y-h4,2
qxBnGIqKflU,2
r-rr9x4b3SU,2
rcSz2VMCCKU,2
rjLFmSXiNS8,2
rwqxnCbrMsI,2
tWoy_ZYtB40,2
uX6PURK-u3I,2
ulZk2QveRpk,2
uz5raB6x-vU,2
yP__PsrX80A,2
yJmMYPRU_UI,2
vyuVgYsUY24,2
w9wacV68ScE,2
xhdR-Cmk31E,2
xvr75gbVs5A,2
nma3F37U1iw,2
nO7_sRZY8FM,2
cyUhWpbpho8,2
n5TVO7Cyd9c,2
d5rD6w6zgpQ,2
dPGr8P5zcsE,2
dzFhf3u6hFQ,2
ekcmhzhKMoM,2
NV3VHS_AFJQ,2
fys2jjfYeYw,2
g1H49l0pL98,2
gJk-AgfvS_4,2
gQ03slMQ8ko,2
gpXdaM7_P6U,2
z98ZKHcuhlc,2
h8Kn1BcuLjE,2
hDRgMd6DmIo,2
ywfhwx8ZDHo,2
ipitZ_o2ut4,2
ywL_5NITNeY,2
jjIdKAP6PEM,2
jwT2IjDGov8,2
kD5FRSTMquw,2
l43cXcxA2Pk,2
lUr2dWL-2sg,2
lgr6pC8NZ7c,2
lk-cywvWusY,2
lpphjLp9dW0,2
mJGq4os7l7g,2
mZVIoVj-L4A,2
n0sFQHoOSxI,2
-1eIiYUBnNY,2
zpbGQYHV3Gc,2
4le2T-Ww-Iw,2
67TL2nk8bcI,2
DWtnKRL30jo,2
6tCRnISpRVo,2
DbDjQLqC8zs,2
E18p25T9pB0,2
EHxM99Tw3ME,2
EXXlWnxEG48,2
Ec5yaorLl-M,2
Ez2IFfaoRJQ,2
6RcHuAr8s70,2
F0LO7mfmlL8,2
HchEzNZRTY8,2
FK9G5DEYQmc,2
FM7tEqDSAIo,2
4vTJHUDB5ak,2
Fh9yAIUNZ6M,2
AefxKKTqv5I,2
G02TTum6JT8,2
GO0RorA2xWY,2
GX-LX1BQJ-M,2
GYpgTh6Fp1E,2
DKkBGHhDQWk,2
6z4gFHnMa2Q,2
76pKrIr7FlM,2
CloGwxFDcs4,2
AfsPHp8fmV8,2
9hHDiazQrpU,2
BNaaeF767K8,2
8gF-MEQlYCM,2
BR2ypLeUvBY,2
BeTI0dWMf1g,2
8M2mJTSxnWM,2
BhNGBhCJ5EY,2
8JU0npV6xTc,2
7zGVGDZPxxA,2
BorcTOHZ6-c,2
7nWJrh6-umI,2
C12o2Cwl_u0,2
7ZaCm7PfUNs,2
C2q4nkxolKI,2
7WPQ2ekm7ZM,2
CIbR7odQklk,2
CMdAwTulCNo,2
CX6ZvR2TJmM,2
3RIrHb19anM,2
AP5wdQ1tADE,2
2bLkp7yodN8,2
0QWti9FMcgs,2
2oT23PVUDnA,2
JhLECip4b4I,2
MoW2xNKtVew,2
0xD29uC3Pow,2
Jn-uO_LUG54,2
JpMUar8mh48,2
M7AavH3OLhE,2
JqYSRv8QgRQ,2
M2NAu29ZxYc,2
K-imIEL8f-A,2
1NcXFB8lQmo,2
27RPeMZIi3Y,2
L_GxgYRVSTs,2
1kEjSd8i7Wc,2
K250wjFz26w,2
JE-PiYfUWJA,2
1qT4xNS0Ws8,2
-nhi-zvx3ms,2
-rR2AxYZD6c,2
N2hINf9f0Fw,2
0LTozZKV7f8,2
Hxjvyc8FGDU,2
-cS3YaCShng,2
nz5ureft4mQ,1
-fA6BrCVZZA,1
kf5vQsizv4Q,1
nrp-g2BQ1FA,1
0Of66fxq4FI,1
A1WY2qjlVZY,1
14z7QKI0f6s,1
A6lSGejZsnA,1
71f-qB4FG2o,1
oUjU4PSdpGY,1
k4ShTgGxw2c,1
7QsGyBDLrmg,1
7F4ICws26p4,1
yQYJQ5cZ-bM,1
n6HfFdQvkws,1
8QTYAyi0iD4,1
y9yZYylDQ4I,1
z-bhOiKg45o,1
lhw5-pJoPNk,1
09AHHhQJPH4,1
n2iIQ7PTTXc,1
x-F7IDlG0f0,1
7juBq6m1U2o,1
0neaOfzxy3Y,1
umFpN_DcmMQ,1
pVMoE6ISi0c,1
wtEaDOwgC_4,1
seEJzf3xKuk,1
4Cob6uu3pww,1
ridpX-gHIv4,1
riuwPHJ92l4,1
42a7bYUS4HI,1
rsD7BTTzAJk,1
rtF8Y8JOMdQ,1
3u156-yCTbU,1
sgYj-8_vS2k,1
w_GjTWW5jPk,1
smd0j-mQSMg,1
3cea1qcbIIs,1
tptJW8Syu70,1
32R2UVxQux4,1
tv95dQ14_Ic,1
uxTNtXRP7A4,1
uoq-XklrKTY,1
4a9GieNT4Z8,1
v4keIoV9bL0,1
4nDCyJx-uPA,1
5R1yX_2iFbM,1
pNDR2cHqdZ4,1
pODBBQE637I,1
3Q-SJNzS6Mg,1
6rjtuqh5o4Y,1
w9ifmlcu8eg,1
w3oYX7jaC1w,1
2JVFSCquwZo,1
68c5t5qGytY,1
vTy3n0WNsKw,1
5RE5DlLU-4g,1
qAaqF8kgN4M,1
qUipY3hkyuk,1
q_0aUDl_DyU,1
qaEJuCjQyy0,1
qbpqq7VB8ek,1
NTpkt3ylNmE,1
ewA_8ffCVds,1
AfghupHyo3A,1
HRjstAj88dI,1
S9pdVzfmNvI,1
Sa5HBmLwH00,1
T1SghqwJDsI,1
THvRM-RU764,1
JQrbuY71kpM,1
JDIUb3h1b7E,1
JD1wlHhzQyE,1
I62oIzQdeqY,1
Hhu0XG8nyZw,1
HGXXOaEQEa0,1
WXuj8s3xYo8,1
GQPYZ2pMPAo,1
Ux0Cc9Gj5R8,1
GN1cZhfmRZE,1
V4QOUPfdhzk,1
VHEbukPnpoU,1
VR0brYQrBTA,1
Vk6H0oT1n2U,1
VuvYdsYQnH4,1
WByunqNwPQU,1
K1dIyFTac3E,1
S0b_R9YBaEE,1
RzYiFBi82dI,1
KdvIc1OCv8A,1
NRFwGkALO7A,1
NJBogtJh9T0,1
N42eZHCExBo,1
O7KtXWEzXCQ,1
O9cJozJBK_w,1
OEBcG4-_SY4,1
OUvg2rnnn-M,1
P0poLjDMKwQ,1
Mrhgz1yeBSg,1
PNymhlAUL1M,1
PZqkX1mJ7qk,1
MniPdncacTM,1
MhLMPC5zjWc,1
R-rwd5yGBr0,1
LbrX6tZ0Ovg,1
KumH4WkJh0g,1
KmhrleAYyIo,1
RbhNAq8XeP0,1
Kj0q3SRUM1A,1
WMFphvkfX1E,1
WrMB_KCXHPg,1
iHwQb0U3ioA,1
fhbbwc5Q74I,1
ChUaYLwpGUg,1
cbQTJMmoqic,1
dIiWtTgIfvI,1
dLYgy46XqCA,1
CA7l6wDCEbU,1
dvwixpYQqpo,1
eZHXGH0ZrSo,1
NtXNYs1lPVU,1
fe3HotuqUxA,1
fvsC4x4VBpM,1
GH5dXYEfG1s,1
BoW7txckm88,1
g1oTXSPqPAY,1
gNQyUal5xhQ,1
gSpwZOzqbWI,1
gk7YtCg32HA,1
B4HPUbJPbYE,1
Ai75uMYMreQ,1
hnOJOa6X-tI,1
hnjw5VT6Wvo,1
D-kdaFEJ9Nk,1
bfagZf_1n-s,1
bPeRBLQeSDw,1
bLV-SO_FDbA,1
X3FKttoVT8k,1
FsS7-0i8C-4,1
XZtA3D5fdJs,1
FQCb-9Df0uQ,1
YfPwMRCAzj4,1
YjFYaNyfq4Y,1
Z6jMEMLRfXI,1
ZEzs6A3wiW0,1
ZNmXEDIpuXg,1
ZO0yj8NEb4g,1
F0-FJsFNALg,1
Zb3NOnN70pQ,1
ZbicnLm4Upw,1
Zfeh1FUs-Ho,1
aJcRd6zIqUw,1
DnvGnPk5p5k,1
acHlKJjhxBs,1
ad8IrsK5oTc,1
agqZWtuol2E,1
Tx1dODB8ox0,1
